X, Y, Z, A, B, C 
 0, 0, 0, 0, 0, 0 
-0.5056179775280899,0.0,0.0,2.0,0.0,0.0
-0.5056179775280899,0.0,0.0,2.0,0.0,0.0
-0.5056179775280898,0.0,0.0,2.0,0.0,0.0
-0.50561797752809,0.0,0.0,2.0,0.0,0.0
-0.50561797752809,0.0,0.0,2.0,0.0,0.0
-0.5056179775280896,0.0,0.0,2.0,0.0,0.0
-0.50561797752809,0.0,0.0,2.0,0.0,0.0
-0.50561797752809,0.0,0.0,2.0,0.0,0.0
-0.5056179775280896,0.0,0.0,2.0,0.0,0.0
-0.5056179775280905,0.0,0.0,2.0,0.0,0.0
-0.5056179775280896,0.0,0.0,2.0,0.0,0.0
-0.5056179775280896,0.0,0.0,2.0,0.0,0.0
-0.5056179775280905,0.0,0.0,2.0,0.0,0.0
-0.5056179775280896,0.0,0.0,2.0,0.0,0.0
-0.5056179775280905,0.0,0.0,2.0,0.0,0.0
-0.5056179775280896,0.0,0.0,2.0,0.0,0.0
-0.5056179775280896,0.0,0.0,2.0,0.0,0.0
-0.5056179775280896,0.0,0.0,2.0,0.0,0.0
-0.5056179775280913,0.0,0.0,2.0,0.0,0.0
-0.5056179775280896,0.0,0.0,2.0,0.0,0.0
-0.5056179775280896,0.0,0.0,2.0,0.0,0.0
-0.5056179775280896,0.0,0.0,2.0,0.0,0.0
-0.5056179775280896,0.0,0.0,2.0,0.0,0.0
-0.5056179775280896,0.0,0.0,2.0,0.0,0.0
-0.5056179775280913,0.0,0.0,2.0,0.0,0.0
-0.5056179775280896,0.0,0.0,2.0,0.0,0.0
-0.5056179775280896,0.0,0.0,2.0,0.0,0.0
-0.5056179775280896,0.0,0.0,2.0,0.0,0.0
-0.5056179775280896,0.0,0.0,2.0,0.0,0.0
-0.5056179775280913,0.0,0.0,2.0,0.0,0.0
-0.5056179775280896,0.0,0.0,2.0,0.0,0.0
-0.5056179775280896,0.0,0.0,2.0,0.0,0.0
-0.5056179775280896,0.0,0.0,2.0,0.0,0.0
-0.5056179775280896,0.0,0.0,2.0,0.0,0.0
-0.5056179775280896,0.0,0.0,2.0,0.0,0.0
-0.5056179775280896,0.0,0.0,2.0,0.0,0.0
-0.5056179775280896,0.0,0.0,2.0,0.0,0.0
-0.5056179775280931,0.0,0.0,2.0,0.0,0.0
-0.5056179775280896,0.0,0.0,2.0,0.0,0.0
-0.5056179775280896,0.0,0.0,2.0,0.0,0.0
-0.5056179775280896,0.0,0.0,2.0,0.0,0.0
-0.5056179775280896,0.0,0.0,2.0,0.0,0.0
-0.5056179775280896,0.0,0.0,2.0,0.0,0.0
-0.5056179775280896,0.0,0.0,2.0,0.0,0.0
-0.5056179775280896,0.0,0.0,2.0,0.0,0.0
-0.5056179775280896,0.0,0.0,2.0,0.0,0.0
-0.5056179775280896,0.0,0.0,2.0,0.0,0.0
-0.5056179775280896,0.0,0.0,2.0,0.0,0.0
-0.5056179775280931,0.0,0.0,2.0,0.0,0.0
-0.5056179775280896,0.0,0.0,2.0,0.0,0.0
-0.5056179775280896,0.0,0.0,2.0,0.0,0.0
-0.5056179775280896,0.0,0.0,2.0,0.0,0.0
-0.5056179775280896,0.0,0.0,2.0,0.0,0.0
-0.5056179775280896,0.0,0.0,2.0,0.0,0.0
-0.5056179775280896,0.0,0.0,2.0,0.0,0.0
-0.5056179775280896,0.0,0.0,2.0,0.0,0.0
-0.5056179775280896,0.0,0.0,2.0,0.0,0.0
-0.5056179775280896,0.0,0.0,2.0,0.0,0.0
-0.5056179775280931,0.0,0.0,2.0,0.0,0.0
-0.5056179775280896,0.0,0.0,2.0,0.0,0.0
-0.5056179775280896,0.0,0.0,2.0,0.0,0.0
-0.5056179775280896,0.0,0.0,2.0,0.0,0.0
-0.5056179775280896,0.0,0.0,2.0,0.0,0.0
-0.5056179775280896,0.0,0.0,2.0,0.0,0.0
-0.5056179775280896,0.0,0.0,2.0,0.0,0.0
-0.5056179775280896,0.0,0.0,2.0,0.0,0.0
-0.5056179775280896,0.0,0.0,2.0,0.0,0.0
-0.5056179775280896,0.0,0.0,2.0,0.0,0.0
-0.5056179775280896,0.0,0.0,2.0,0.0,0.0
-0.5056179775280896,0.0,0.0,2.0,0.0,0.0
-0.5056179775280896,0.0,0.0,2.0,0.0,0.0
-0.5056179775280896,0.0,0.0,2.0,0.0,0.0
-0.5056179775280896,0.0,0.0,2.0,0.0,0.0
-0.5056179775280896,0.0,0.0,2.0,0.0,0.0
-0.5056179775280967,0.0,0.0,2.0,0.0,0.0
-0.5056179775280896,0.0,0.0,2.0,0.0,0.0
-0.5056179775280896,0.0,0.0,2.0,0.0,0.0
-0.5056179775280896,0.0,0.0,2.0,0.0,0.0
-0.5056179775280896,0.0,0.0,2.0,0.0,0.0
-0.5056179775280896,0.0,0.0,2.0,0.0,0.0
-0.5056179775280896,0.0,0.0,2.0,0.0,0.0
-0.5056179775280896,0.0,0.0,2.0,0.0,0.0
-0.5056179775280896,0.0,0.0,2.0,0.0,0.0
-0.5056179775280896,0.0,0.0,2.0,0.0,0.0
-0.5056179775280896,0.0,0.0,2.0,0.0,0.0
-0.5056179775280896,0.0,0.0,2.0,0.0,0.0
-0.5056179775280896,0.0,0.0,2.0,0.0,0.0
-0.5056179775280896,0.0,0.0,2.0,0.0,0.0
-0.5056179775280896,0.0,0.0,2.0,0.0,0.0
0.0,0.5625,0.0,2.0,0.0,0.0
0.0,0.5625,0.0,2.0,0.0,0.0
0.0,0.5625,0.0,2.0,0.0,0.0
0.0,0.5625,0.0,2.0,0.0,0.0
0.0,0.5625,0.0,2.0,0.0,0.0
0.0,0.5625,0.0,2.0,0.0,0.0
0.0,0.5625,0.0,2.0,0.0,0.0
0.0,0.5625,0.0,2.0,0.0,0.0
0.5056179775280896,0.0,0.0,2.0,0.0,0.0
0.5056179775280896,0.0,0.0,2.0,0.0,0.0
0.5056179775280896,0.0,0.0,2.0,0.0,0.0
0.5056179775280896,0.0,0.0,2.0,0.0,0.0
0.5056179775280896,0.0,0.0,2.0,0.0,0.0
0.5056179775280896,0.0,0.0,2.0,0.0,0.0
0.5056179775280896,0.0,0.0,2.0,0.0,0.0
0.5056179775280896,0.0,0.0,2.0,0.0,0.0
0.5056179775280896,0.0,0.0,2.0,0.0,0.0
0.5056179775280896,0.0,0.0,2.0,0.0,0.0
0.5056179775280896,0.0,0.0,2.0,0.0,0.0
0.5056179775280896,0.0,0.0,2.0,0.0,0.0
0.5056179775280967,0.0,0.0,2.0,0.0,0.0
0.5056179775280896,0.0,0.0,2.0,0.0,0.0
0.5056179775280896,0.0,0.0,2.0,0.0,0.0
0.5056179775280896,0.0,0.0,2.0,0.0,0.0
0.5056179775280896,0.0,0.0,2.0,0.0,0.0
0.5056179775280896,0.0,0.0,2.0,0.0,0.0
0.5056179775280896,0.0,0.0,2.0,0.0,0.0
0.5056179775280896,0.0,0.0,2.0,0.0,0.0
0.5056179775280896,0.0,0.0,2.0,0.0,0.0
0.5056179775280896,0.0,0.0,2.0,0.0,0.0
0.5056179775280896,0.0,0.0,2.0,0.0,0.0
0.5056179775280896,0.0,0.0,2.0,0.0,0.0
0.5056179775280896,0.0,0.0,2.0,0.0,0.0
0.5056179775280896,0.0,0.0,2.0,0.0,0.0
0.5056179775280896,0.0,0.0,2.0,0.0,0.0
0.5056179775280896,0.0,0.0,2.0,0.0,0.0
0.5056179775280896,0.0,0.0,2.0,0.0,0.0
0.5056179775280931,0.0,0.0,2.0,0.0,0.0
0.5056179775280896,0.0,0.0,2.0,0.0,0.0
0.5056179775280896,0.0,0.0,2.0,0.0,0.0
0.5056179775280896,0.0,0.0,2.0,0.0,0.0
0.5056179775280896,0.0,0.0,2.0,0.0,0.0
0.5056179775280896,0.0,0.0,2.0,0.0,0.0
0.5056179775280896,0.0,0.0,2.0,0.0,0.0
0.5056179775280896,0.0,0.0,2.0,0.0,0.0
0.5056179775280931,0.0,0.0,2.0,0.0,0.0
0.5056179775280896,0.0,0.0,2.0,0.0,0.0
0.5056179775280896,0.0,0.0,2.0,0.0,0.0
0.5056179775280896,0.0,0.0,2.0,0.0,0.0
0.5056179775280896,0.0,0.0,2.0,0.0,0.0
0.5056179775280896,0.0,0.0,2.0,0.0,0.0
0.5056179775280896,0.0,0.0,2.0,0.0,0.0
0.5056179775280896,0.0,0.0,2.0,0.0,0.0
0.5056179775280896,0.0,0.0,2.0,0.0,0.0
0.5056179775280896,0.0,0.0,2.0,0.0,0.0
0.5056179775280896,0.0,0.0,2.0,0.0,0.0
0.5056179775280931,0.0,0.0,2.0,0.0,0.0
0.5056179775280896,0.0,0.0,2.0,0.0,0.0
0.5056179775280896,0.0,0.0,2.0,0.0,0.0
0.5056179775280896,0.0,0.0,2.0,0.0,0.0
0.5056179775280896,0.0,0.0,2.0,0.0,0.0
0.5056179775280896,0.0,0.0,2.0,0.0,0.0
0.5056179775280896,0.0,0.0,2.0,0.0,0.0
0.5056179775280896,0.0,0.0,2.0,0.0,0.0
0.5056179775280896,0.0,0.0,2.0,0.0,0.0
0.5056179775280896,0.0,0.0,2.0,0.0,0.0
0.5056179775280931,0.0,0.0,2.0,0.0,0.0
0.5056179775280896,0.0,0.0,2.0,0.0,0.0
0.5056179775280896,0.0,0.0,2.0,0.0,0.0
0.5056179775280896,0.0,0.0,2.0,0.0,0.0
0.5056179775280896,0.0,0.0,2.0,0.0,0.0
0.5056179775280896,0.0,0.0,2.0,0.0,0.0
0.5056179775280896,0.0,0.0,2.0,0.0,0.0
0.5056179775280896,0.0,0.0,2.0,0.0,0.0
0.5056179775280896,0.0,0.0,2.0,0.0,0.0
0.5056179775280896,0.0,0.0,2.0,0.0,0.0
0.5056179775280896,0.0,0.0,2.0,0.0,0.0
0.5056179775280896,0.0,0.0,2.0,0.0,0.0
0.5056179775280896,0.0,0.0,2.0,0.0,0.0
0.5056179775280896,0.0,0.0,2.0,0.0,0.0
0.5056179775280896,0.0,0.0,2.0,0.0,0.0
0.5056179775280896,0.0,0.0,2.0,0.0,0.0
0.5056179775280967,0.0,0.0,2.0,0.0,0.0
0.5056179775280896,0.0,0.0,2.0,0.0,0.0
0.5056179775280896,0.0,0.0,2.0,0.0,0.0
0.5056179775280896,0.0,0.0,2.0,0.0,0.0
0.5056179775280896,0.0,0.0,2.0,0.0,0.0
0.5056179775280896,0.0,0.0,2.0,0.0,0.0
0.5056179775280896,0.0,0.0,2.0,0.0,0.0
0.5056179775280896,0.0,0.0,2.0,0.0,0.0
0.5056179775280896,0.0,0.0,2.0,0.0,0.0
0.5056179775280896,0.0,0.0,2.0,0.0,0.0
0.5056179775280896,0.0,0.0,2.0,0.0,0.0
0.5056179775280896,0.0,0.0,2.0,0.0,0.0
0.5056179775280896,0.0,0.0,2.0,0.0,0.0
0.5056179775280896,0.0,0.0,2.0,0.0,0.0
0.5056179775280896,0.0,0.0,2.0,0.0,0.0
0.0,0.5625,0.0,2.0,0.0,0.0
0.0,0.5625,0.0,2.0,0.0,0.0
0.0,0.5625,0.0,2.0,0.0,0.0
0.0,0.5625,0.0,2.0,0.0,0.0
0.0,0.5625,0.0,2.0,0.0,0.0
0.0,0.5625,0.0,2.0,0.0,0.0
0.0,0.5625,0.0,2.0,0.0,0.0
0.0,0.5625,0.0,2.0,0.0,0.0
-0.5056179775280899,0.0,0.0,2.0,0.0,0.0
-0.5056179775280899,0.0,0.0,2.0,0.0,0.0
-0.5056179775280898,0.0,0.0,2.0,0.0,0.0
-0.50561797752809,0.0,0.0,2.0,0.0,0.0
-0.50561797752809,0.0,0.0,2.0,0.0,0.0
-0.5056179775280896,0.0,0.0,2.0,0.0,0.0
-0.50561797752809,0.0,0.0,2.0,0.0,0.0
-0.50561797752809,0.0,0.0,2.0,0.0,0.0
-0.5056179775280896,0.0,0.0,2.0,0.0,0.0
-0.5056179775280905,0.0,0.0,2.0,0.0,0.0
-0.5056179775280896,0.0,0.0,2.0,0.0,0.0
-0.5056179775280896,0.0,0.0,2.0,0.0,0.0
-0.5056179775280905,0.0,0.0,2.0,0.0,0.0
-0.5056179775280896,0.0,0.0,2.0,0.0,0.0
-0.5056179775280905,0.0,0.0,2.0,0.0,0.0
-0.5056179775280896,0.0,0.0,2.0,0.0,0.0
-0.5056179775280896,0.0,0.0,2.0,0.0,0.0
-0.5056179775280896,0.0,0.0,2.0,0.0,0.0
-0.5056179775280913,0.0,0.0,2.0,0.0,0.0
-0.5056179775280896,0.0,0.0,2.0,0.0,0.0
-0.5056179775280896,0.0,0.0,2.0,0.0,0.0
-0.5056179775280896,0.0,0.0,2.0,0.0,0.0
-0.5056179775280896,0.0,0.0,2.0,0.0,0.0
-0.5056179775280896,0.0,0.0,2.0,0.0,0.0
-0.5056179775280913,0.0,0.0,2.0,0.0,0.0
-0.5056179775280896,0.0,0.0,2.0,0.0,0.0
-0.5056179775280896,0.0,0.0,2.0,0.0,0.0
-0.5056179775280896,0.0,0.0,2.0,0.0,0.0
-0.5056179775280896,0.0,0.0,2.0,0.0,0.0
-0.5056179775280913,0.0,0.0,2.0,0.0,0.0
-0.5056179775280896,0.0,0.0,2.0,0.0,0.0
-0.5056179775280896,0.0,0.0,2.0,0.0,0.0
-0.5056179775280896,0.0,0.0,2.0,0.0,0.0
-0.5056179775280896,0.0,0.0,2.0,0.0,0.0
-0.5056179775280896,0.0,0.0,2.0,0.0,0.0
-0.5056179775280896,0.0,0.0,2.0,0.0,0.0
-0.5056179775280896,0.0,0.0,2.0,0.0,0.0
-0.5056179775280931,0.0,0.0,2.0,0.0,0.0
-0.5056179775280896,0.0,0.0,2.0,0.0,0.0
-0.5056179775280896,0.0,0.0,2.0,0.0,0.0
-0.5056179775280896,0.0,0.0,2.0,0.0,0.0
-0.5056179775280896,0.0,0.0,2.0,0.0,0.0
-0.5056179775280896,0.0,0.0,2.0,0.0,0.0
-0.5056179775280896,0.0,0.0,2.0,0.0,0.0
-0.5056179775280896,0.0,0.0,2.0,0.0,0.0
-0.5056179775280896,0.0,0.0,2.0,0.0,0.0
-0.5056179775280896,0.0,0.0,2.0,0.0,0.0
-0.5056179775280896,0.0,0.0,2.0,0.0,0.0
-0.5056179775280931,0.0,0.0,2.0,0.0,0.0
-0.5056179775280896,0.0,0.0,2.0,0.0,0.0
-0.5056179775280896,0.0,0.0,2.0,0.0,0.0
-0.5056179775280896,0.0,0.0,2.0,0.0,0.0
-0.5056179775280896,0.0,0.0,2.0,0.0,0.0
-0.5056179775280896,0.0,0.0,2.0,0.0,0.0
-0.5056179775280896,0.0,0.0,2.0,0.0,0.0
-0.5056179775280896,0.0,0.0,2.0,0.0,0.0
-0.5056179775280896,0.0,0.0,2.0,0.0,0.0
-0.5056179775280896,0.0,0.0,2.0,0.0,0.0
-0.5056179775280931,0.0,0.0,2.0,0.0,0.0
-0.5056179775280896,0.0,0.0,2.0,0.0,0.0
-0.5056179775280896,0.0,0.0,2.0,0.0,0.0
-0.5056179775280896,0.0,0.0,2.0,0.0,0.0
-0.5056179775280896,0.0,0.0,2.0,0.0,0.0
-0.5056179775280896,0.0,0.0,2.0,0.0,0.0
-0.5056179775280896,0.0,0.0,2.0,0.0,0.0
-0.5056179775280896,0.0,0.0,2.0,0.0,0.0
-0.5056179775280896,0.0,0.0,2.0,0.0,0.0
-0.5056179775280896,0.0,0.0,2.0,0.0,0.0
-0.5056179775280896,0.0,0.0,2.0,0.0,0.0
-0.5056179775280896,0.0,0.0,2.0,0.0,0.0
-0.5056179775280896,0.0,0.0,2.0,0.0,0.0
-0.5056179775280896,0.0,0.0,2.0,0.0,0.0
-0.5056179775280896,0.0,0.0,2.0,0.0,0.0
-0.5056179775280896,0.0,0.0,2.0,0.0,0.0
-0.5056179775280967,0.0,0.0,2.0,0.0,0.0
-0.5056179775280896,0.0,0.0,2.0,0.0,0.0
-0.5056179775280896,0.0,0.0,2.0,0.0,0.0
-0.5056179775280896,0.0,0.0,2.0,0.0,0.0
-0.5056179775280896,0.0,0.0,2.0,0.0,0.0
-0.5056179775280896,0.0,0.0,2.0,0.0,0.0
-0.5056179775280896,0.0,0.0,2.0,0.0,0.0
-0.5056179775280896,0.0,0.0,2.0,0.0,0.0
-0.5056179775280896,0.0,0.0,2.0,0.0,0.0
-0.5056179775280896,0.0,0.0,2.0,0.0,0.0
-0.5056179775280896,0.0,0.0,2.0,0.0,0.0
-0.5056179775280896,0.0,0.0,2.0,0.0,0.0
-0.5056179775280896,0.0,0.0,2.0,0.0,0.0
-0.5056179775280896,0.0,0.0,2.0,0.0,0.0
-0.5056179775280896,0.0,0.0,2.0,0.0,0.0
0.0,0.5625,0.0,2.0,0.0,0.0
0.0,0.5625,0.0,2.0,0.0,0.0
0.0,0.5625,0.0,2.0,0.0,0.0
0.0,0.5625,0.0,2.0,0.0,0.0
0.0,0.5625,0.0,2.0,0.0,0.0
0.0,0.5625,0.0,2.0,0.0,0.0
0.0,0.5625,0.0,2.0,0.0,0.0
0.0,0.5625,0.0,2.0,0.0,0.0
0.5056179775280896,0.0,0.0,2.0,0.0,0.0
0.5056179775280896,0.0,0.0,2.0,0.0,0.0
0.5056179775280896,0.0,0.0,2.0,0.0,0.0
0.5056179775280896,0.0,0.0,2.0,0.0,0.0
0.5056179775280896,0.0,0.0,2.0,0.0,0.0
0.5056179775280896,0.0,0.0,2.0,0.0,0.0
0.5056179775280896,0.0,0.0,2.0,0.0,0.0
0.5056179775280896,0.0,0.0,2.0,0.0,0.0
0.5056179775280896,0.0,0.0,2.0,0.0,0.0
0.5056179775280896,0.0,0.0,2.0,0.0,0.0
0.5056179775280896,0.0,0.0,2.0,0.0,0.0
0.5056179775280896,0.0,0.0,2.0,0.0,0.0
0.5056179775280967,0.0,0.0,2.0,0.0,0.0
0.5056179775280896,0.0,0.0,2.0,0.0,0.0
0.5056179775280896,0.0,0.0,2.0,0.0,0.0
0.5056179775280896,0.0,0.0,2.0,0.0,0.0
0.5056179775280896,0.0,0.0,2.0,0.0,0.0
0.5056179775280896,0.0,0.0,2.0,0.0,0.0
0.5056179775280896,0.0,0.0,2.0,0.0,0.0
0.5056179775280896,0.0,0.0,2.0,0.0,0.0
0.5056179775280896,0.0,0.0,2.0,0.0,0.0
0.5056179775280896,0.0,0.0,2.0,0.0,0.0
0.5056179775280896,0.0,0.0,2.0,0.0,0.0
0.5056179775280896,0.0,0.0,2.0,0.0,0.0
0.5056179775280896,0.0,0.0,2.0,0.0,0.0
0.5056179775280896,0.0,0.0,2.0,0.0,0.0
0.5056179775280896,0.0,0.0,2.0,0.0,0.0
0.5056179775280896,0.0,0.0,2.0,0.0,0.0
0.5056179775280896,0.0,0.0,2.0,0.0,0.0
0.5056179775280931,0.0,0.0,2.0,0.0,0.0
0.5056179775280896,0.0,0.0,2.0,0.0,0.0
0.5056179775280896,0.0,0.0,2.0,0.0,0.0
0.5056179775280896,0.0,0.0,2.0,0.0,0.0
0.5056179775280896,0.0,0.0,2.0,0.0,0.0
0.5056179775280896,0.0,0.0,2.0,0.0,0.0
0.5056179775280896,0.0,0.0,2.0,0.0,0.0
0.5056179775280896,0.0,0.0,2.0,0.0,0.0
0.5056179775280931,0.0,0.0,2.0,0.0,0.0
0.5056179775280896,0.0,0.0,2.0,0.0,0.0
0.5056179775280896,0.0,0.0,2.0,0.0,0.0
0.5056179775280896,0.0,0.0,2.0,0.0,0.0
0.5056179775280896,0.0,0.0,2.0,0.0,0.0
0.5056179775280896,0.0,0.0,2.0,0.0,0.0
0.5056179775280896,0.0,0.0,2.0,0.0,0.0
0.5056179775280896,0.0,0.0,2.0,0.0,0.0
0.5056179775280896,0.0,0.0,2.0,0.0,0.0
0.5056179775280896,0.0,0.0,2.0,0.0,0.0
0.5056179775280896,0.0,0.0,2.0,0.0,0.0
0.5056179775280931,0.0,0.0,2.0,0.0,0.0
0.5056179775280896,0.0,0.0,2.0,0.0,0.0
0.5056179775280896,0.0,0.0,2.0,0.0,0.0
0.5056179775280896,0.0,0.0,2.0,0.0,0.0
0.5056179775280896,0.0,0.0,2.0,0.0,0.0
0.5056179775280896,0.0,0.0,2.0,0.0,0.0
0.5056179775280896,0.0,0.0,2.0,0.0,0.0
0.5056179775280896,0.0,0.0,2.0,0.0,0.0
0.5056179775280896,0.0,0.0,2.0,0.0,0.0
0.5056179775280896,0.0,0.0,2.0,0.0,0.0
0.5056179775280931,0.0,0.0,2.0,0.0,0.0
0.5056179775280896,0.0,0.0,2.0,0.0,0.0
0.5056179775280896,0.0,0.0,2.0,0.0,0.0
0.5056179775280896,0.0,0.0,2.0,0.0,0.0
0.5056179775280896,0.0,0.0,2.0,0.0,0.0
0.5056179775280896,0.0,0.0,2.0,0.0,0.0
0.5056179775280896,0.0,0.0,2.0,0.0,0.0
0.5056179775280896,0.0,0.0,2.0,0.0,0.0
0.5056179775280896,0.0,0.0,2.0,0.0,0.0
0.5056179775280896,0.0,0.0,2.0,0.0,0.0
0.5056179775280896,0.0,0.0,2.0,0.0,0.0
0.5056179775280896,0.0,0.0,2.0,0.0,0.0
0.5056179775280896,0.0,0.0,2.0,0.0,0.0
0.5056179775280896,0.0,0.0,2.0,0.0,0.0
0.5056179775280896,0.0,0.0,2.0,0.0,0.0
0.5056179775280896,0.0,0.0,2.0,0.0,0.0
0.5056179775280967,0.0,0.0,2.0,0.0,0.0
0.5056179775280896,0.0,0.0,2.0,0.0,0.0
0.5056179775280896,0.0,0.0,2.0,0.0,0.0
0.5056179775280896,0.0,0.0,2.0,0.0,0.0
0.5056179775280896,0.0,0.0,2.0,0.0,0.0
0.5056179775280896,0.0,0.0,2.0,0.0,0.0
0.5056179775280896,0.0,0.0,2.0,0.0,0.0
0.5056179775280896,0.0,0.0,2.0,0.0,0.0
0.5056179775280896,0.0,0.0,2.0,0.0,0.0
0.5056179775280896,0.0,0.0,2.0,0.0,0.0
0.5056179775280896,0.0,0.0,2.0,0.0,0.0
0.5056179775280896,0.0,0.0,2.0,0.0,0.0
0.5056179775280896,0.0,0.0,2.0,0.0,0.0
0.5056179775280896,0.0,0.0,2.0,0.0,0.0
0.5056179775280896,0.0,0.0,2.0,0.0,0.0
0.0,0.5625,0.0,2.0,0.0,0.0
0.0,0.5625,0.0,2.0,0.0,0.0
0.0,0.5625,0.0,2.0,0.0,0.0
0.0,0.5625,0.0,2.0,0.0,0.0
0.0,0.5625,0.0,2.0,0.0,0.0
0.0,0.5625,0.0,2.0,0.0,0.0
0.0,0.5625,0.0,2.0,0.0,0.0
0.0,0.5625,0.0,2.0,0.0,0.0
-0.5056179775280899,0.0,0.0,2.0,0.0,0.0
-0.5056179775280899,0.0,0.0,2.0,0.0,0.0
-0.5056179775280898,0.0,0.0,2.0,0.0,0.0
-0.50561797752809,0.0,0.0,2.0,0.0,0.0
-0.50561797752809,0.0,0.0,2.0,0.0,0.0
-0.5056179775280896,0.0,0.0,2.0,0.0,0.0
-0.50561797752809,0.0,0.0,2.0,0.0,0.0
-0.50561797752809,0.0,0.0,2.0,0.0,0.0
-0.5056179775280896,0.0,0.0,2.0,0.0,0.0
-0.5056179775280905,0.0,0.0,2.0,0.0,0.0
-0.5056179775280896,0.0,0.0,2.0,0.0,0.0
-0.5056179775280896,0.0,0.0,2.0,0.0,0.0
-0.5056179775280905,0.0,0.0,2.0,0.0,0.0
-0.5056179775280896,0.0,0.0,2.0,0.0,0.0
-0.5056179775280905,0.0,0.0,2.0,0.0,0.0
-0.5056179775280896,0.0,0.0,2.0,0.0,0.0
-0.5056179775280896,0.0,0.0,2.0,0.0,0.0
-0.5056179775280896,0.0,0.0,2.0,0.0,0.0
-0.5056179775280913,0.0,0.0,2.0,0.0,0.0
-0.5056179775280896,0.0,0.0,2.0,0.0,0.0
-0.5056179775280896,0.0,0.0,2.0,0.0,0.0
-0.5056179775280896,0.0,0.0,2.0,0.0,0.0
-0.5056179775280896,0.0,0.0,2.0,0.0,0.0
-0.5056179775280896,0.0,0.0,2.0,0.0,0.0
-0.5056179775280913,0.0,0.0,2.0,0.0,0.0
-0.5056179775280896,0.0,0.0,2.0,0.0,0.0
-0.5056179775280896,0.0,0.0,2.0,0.0,0.0
-0.5056179775280896,0.0,0.0,2.0,0.0,0.0
-0.5056179775280896,0.0,0.0,2.0,0.0,0.0
-0.5056179775280913,0.0,0.0,2.0,0.0,0.0
-0.5056179775280896,0.0,0.0,2.0,0.0,0.0
-0.5056179775280896,0.0,0.0,2.0,0.0,0.0
-0.5056179775280896,0.0,0.0,2.0,0.0,0.0
-0.5056179775280896,0.0,0.0,2.0,0.0,0.0
-0.5056179775280896,0.0,0.0,2.0,0.0,0.0
-0.5056179775280896,0.0,0.0,2.0,0.0,0.0
-0.5056179775280896,0.0,0.0,2.0,0.0,0.0
-0.5056179775280931,0.0,0.0,2.0,0.0,0.0
-0.5056179775280896,0.0,0.0,2.0,0.0,0.0
-0.5056179775280896,0.0,0.0,2.0,0.0,0.0
-0.5056179775280896,0.0,0.0,2.0,0.0,0.0
-0.5056179775280896,0.0,0.0,2.0,0.0,0.0
-0.5056179775280896,0.0,0.0,2.0,0.0,0.0
-0.5056179775280896,0.0,0.0,2.0,0.0,0.0
-0.5056179775280896,0.0,0.0,2.0,0.0,0.0
-0.5056179775280896,0.0,0.0,2.0,0.0,0.0
-0.5056179775280896,0.0,0.0,2.0,0.0,0.0
-0.5056179775280896,0.0,0.0,2.0,0.0,0.0
-0.5056179775280931,0.0,0.0,2.0,0.0,0.0
-0.5056179775280896,0.0,0.0,2.0,0.0,0.0
-0.5056179775280896,0.0,0.0,2.0,0.0,0.0
-0.5056179775280896,0.0,0.0,2.0,0.0,0.0
-0.5056179775280896,0.0,0.0,2.0,0.0,0.0
-0.5056179775280896,0.0,0.0,2.0,0.0,0.0
-0.5056179775280896,0.0,0.0,2.0,0.0,0.0
-0.5056179775280896,0.0,0.0,2.0,0.0,0.0
-0.5056179775280896,0.0,0.0,2.0,0.0,0.0
-0.5056179775280896,0.0,0.0,2.0,0.0,0.0
-0.5056179775280931,0.0,0.0,2.0,0.0,0.0
-0.5056179775280896,0.0,0.0,2.0,0.0,0.0
-0.5056179775280896,0.0,0.0,2.0,0.0,0.0
-0.5056179775280896,0.0,0.0,2.0,0.0,0.0
-0.5056179775280896,0.0,0.0,2.0,0.0,0.0
-0.5056179775280896,0.0,0.0,2.0,0.0,0.0
-0.5056179775280896,0.0,0.0,2.0,0.0,0.0
-0.5056179775280896,0.0,0.0,2.0,0.0,0.0
-0.5056179775280896,0.0,0.0,2.0,0.0,0.0
-0.5056179775280896,0.0,0.0,2.0,0.0,0.0
-0.5056179775280896,0.0,0.0,2.0,0.0,0.0
-0.5056179775280896,0.0,0.0,2.0,0.0,0.0
-0.5056179775280896,0.0,0.0,2.0,0.0,0.0
-0.5056179775280896,0.0,0.0,2.0,0.0,0.0
-0.5056179775280896,0.0,0.0,2.0,0.0,0.0
-0.5056179775280896,0.0,0.0,2.0,0.0,0.0
-0.5056179775280967,0.0,0.0,2.0,0.0,0.0
-0.5056179775280896,0.0,0.0,2.0,0.0,0.0
-0.5056179775280896,0.0,0.0,2.0,0.0,0.0
-0.5056179775280896,0.0,0.0,2.0,0.0,0.0
-0.5056179775280896,0.0,0.0,2.0,0.0,0.0
-0.5056179775280896,0.0,0.0,2.0,0.0,0.0
-0.5056179775280896,0.0,0.0,2.0,0.0,0.0
-0.5056179775280896,0.0,0.0,2.0,0.0,0.0
-0.5056179775280896,0.0,0.0,2.0,0.0,0.0
-0.5056179775280896,0.0,0.0,2.0,0.0,0.0
-0.5056179775280896,0.0,0.0,2.0,0.0,0.0
-0.5056179775280896,0.0,0.0,2.0,0.0,0.0
-0.5056179775280896,0.0,0.0,2.0,0.0,0.0
-0.5056179775280896,0.0,0.0,2.0,0.0,0.0
-0.5056179775280896,0.0,0.0,2.0,0.0,0.0
0.0,0.5625,0.0,2.0,0.0,0.0
0.0,0.5625,0.0,2.0,0.0,0.0
0.0,0.5625,0.0,2.0,0.0,0.0
0.0,0.5625,0.0,2.0,0.0,0.0
0.0,0.5625,0.0,2.0,0.0,0.0
0.0,0.5625,0.0,2.0,0.0,0.0
0.0,0.5625,0.0,2.0,0.0,0.0
0.0,0.5625,0.0,2.0,0.0,0.0
0.5056179775280896,0.0,0.0,2.0,0.0,0.0
0.5056179775280896,0.0,0.0,2.0,0.0,0.0
0.5056179775280896,0.0,0.0,2.0,0.0,0.0
0.5056179775280896,0.0,0.0,2.0,0.0,0.0
0.5056179775280896,0.0,0.0,2.0,0.0,0.0
0.5056179775280896,0.0,0.0,2.0,0.0,0.0
0.5056179775280896,0.0,0.0,2.0,0.0,0.0
0.5056179775280896,0.0,0.0,2.0,0.0,0.0
0.5056179775280896,0.0,0.0,2.0,0.0,0.0
0.5056179775280896,0.0,0.0,2.0,0.0,0.0
0.5056179775280896,0.0,0.0,2.0,0.0,0.0
0.5056179775280896,0.0,0.0,2.0,0.0,0.0
0.5056179775280967,0.0,0.0,2.0,0.0,0.0
0.5056179775280896,0.0,0.0,2.0,0.0,0.0
0.5056179775280896,0.0,0.0,2.0,0.0,0.0
0.5056179775280896,0.0,0.0,2.0,0.0,0.0
0.5056179775280896,0.0,0.0,2.0,0.0,0.0
0.5056179775280896,0.0,0.0,2.0,0.0,0.0
0.5056179775280896,0.0,0.0,2.0,0.0,0.0
0.5056179775280896,0.0,0.0,2.0,0.0,0.0
0.5056179775280896,0.0,0.0,2.0,0.0,0.0
0.5056179775280896,0.0,0.0,2.0,0.0,0.0
0.5056179775280896,0.0,0.0,2.0,0.0,0.0
0.5056179775280896,0.0,0.0,2.0,0.0,0.0
0.5056179775280896,0.0,0.0,2.0,0.0,0.0
0.5056179775280896,0.0,0.0,2.0,0.0,0.0
0.5056179775280896,0.0,0.0,2.0,0.0,0.0
0.5056179775280896,0.0,0.0,2.0,0.0,0.0
0.5056179775280896,0.0,0.0,2.0,0.0,0.0
0.5056179775280931,0.0,0.0,2.0,0.0,0.0
0.5056179775280896,0.0,0.0,2.0,0.0,0.0
0.5056179775280896,0.0,0.0,2.0,0.0,0.0
0.5056179775280896,0.0,0.0,2.0,0.0,0.0
0.5056179775280896,0.0,0.0,2.0,0.0,0.0
0.5056179775280896,0.0,0.0,2.0,0.0,0.0
0.5056179775280896,0.0,0.0,2.0,0.0,0.0
0.5056179775280896,0.0,0.0,2.0,0.0,0.0
0.5056179775280931,0.0,0.0,2.0,0.0,0.0
0.5056179775280896,0.0,0.0,2.0,0.0,0.0
0.5056179775280896,0.0,0.0,2.0,0.0,0.0
0.5056179775280896,0.0,0.0,2.0,0.0,0.0
0.5056179775280896,0.0,0.0,2.0,0.0,0.0
0.5056179775280896,0.0,0.0,2.0,0.0,0.0
0.5056179775280896,0.0,0.0,2.0,0.0,0.0
0.5056179775280896,0.0,0.0,2.0,0.0,0.0
0.5056179775280896,0.0,0.0,2.0,0.0,0.0
0.5056179775280896,0.0,0.0,2.0,0.0,0.0
0.5056179775280896,0.0,0.0,2.0,0.0,0.0
0.5056179775280931,0.0,0.0,2.0,0.0,0.0
0.5056179775280896,0.0,0.0,2.0,0.0,0.0
0.5056179775280896,0.0,0.0,2.0,0.0,0.0
0.5056179775280896,0.0,0.0,2.0,0.0,0.0
0.5056179775280896,0.0,0.0,2.0,0.0,0.0
0.5056179775280896,0.0,0.0,2.0,0.0,0.0
0.5056179775280896,0.0,0.0,2.0,0.0,0.0
0.5056179775280896,0.0,0.0,2.0,0.0,0.0
0.5056179775280896,0.0,0.0,2.0,0.0,0.0
0.5056179775280896,0.0,0.0,2.0,0.0,0.0
0.5056179775280931,0.0,0.0,2.0,0.0,0.0
0.5056179775280896,0.0,0.0,2.0,0.0,0.0
0.5056179775280896,0.0,0.0,2.0,0.0,0.0
0.5056179775280896,0.0,0.0,2.0,0.0,0.0
0.5056179775280896,0.0,0.0,2.0,0.0,0.0
0.5056179775280896,0.0,0.0,2.0,0.0,0.0
0.5056179775280896,0.0,0.0,2.0,0.0,0.0
0.5056179775280896,0.0,0.0,2.0,0.0,0.0
0.5056179775280896,0.0,0.0,2.0,0.0,0.0
0.5056179775280896,0.0,0.0,2.0,0.0,0.0
0.5056179775280896,0.0,0.0,2.0,0.0,0.0
0.5056179775280896,0.0,0.0,2.0,0.0,0.0
0.5056179775280896,0.0,0.0,2.0,0.0,0.0
0.5056179775280896,0.0,0.0,2.0,0.0,0.0
0.5056179775280896,0.0,0.0,2.0,0.0,0.0
0.5056179775280896,0.0,0.0,2.0,0.0,0.0
0.5056179775280967,0.0,0.0,2.0,0.0,0.0
0.5056179775280896,0.0,0.0,2.0,0.0,0.0
0.5056179775280896,0.0,0.0,2.0,0.0,0.0
0.5056179775280896,0.0,0.0,2.0,0.0,0.0
0.5056179775280896,0.0,0.0,2.0,0.0,0.0
0.5056179775280896,0.0,0.0,2.0,0.0,0.0
0.5056179775280896,0.0,0.0,2.0,0.0,0.0
0.5056179775280896,0.0,0.0,2.0,0.0,0.0
0.5056179775280896,0.0,0.0,2.0,0.0,0.0
0.5056179775280896,0.0,0.0,2.0,0.0,0.0
0.5056179775280896,0.0,0.0,2.0,0.0,0.0
0.5056179775280896,0.0,0.0,2.0,0.0,0.0
0.5056179775280896,0.0,0.0,2.0,0.0,0.0
0.5056179775280896,0.0,0.0,2.0,0.0,0.0
0.5056179775280896,0.0,0.0,2.0,0.0,0.0
0.0,0.5625,0.0,2.0,0.0,0.0
0.0,0.5625,0.0,2.0,0.0,0.0
0.0,0.5625,0.0,2.0,0.0,0.0
0.0,0.5625,0.0,2.0,0.0,0.0
0.0,0.5625,0.0,2.0,0.0,0.0
0.0,0.5625,0.0,2.0,0.0,0.0
0.0,0.5625,0.0,2.0,0.0,0.0
0.0,0.5625,0.0,2.0,0.0,0.0
-0.5056179775280899,0.0,0.0,2.0,0.0,0.0
-0.5056179775280899,0.0,0.0,2.0,0.0,0.0
-0.5056179775280898,0.0,0.0,2.0,0.0,0.0
-0.50561797752809,0.0,0.0,2.0,0.0,0.0
-0.50561797752809,0.0,0.0,2.0,0.0,0.0
-0.5056179775280896,0.0,0.0,2.0,0.0,0.0
-0.50561797752809,0.0,0.0,2.0,0.0,0.0
-0.50561797752809,0.0,0.0,2.0,0.0,0.0
-0.5056179775280896,0.0,0.0,2.0,0.0,0.0
-0.5056179775280905,0.0,0.0,2.0,0.0,0.0
-0.5056179775280896,0.0,0.0,2.0,0.0,0.0
-0.5056179775280896,0.0,0.0,2.0,0.0,0.0
-0.5056179775280905,0.0,0.0,2.0,0.0,0.0
-0.5056179775280896,0.0,0.0,2.0,0.0,0.0
-0.5056179775280905,0.0,0.0,2.0,0.0,0.0
-0.5056179775280896,0.0,0.0,2.0,0.0,0.0
-0.5056179775280896,0.0,0.0,2.0,0.0,0.0
-0.5056179775280896,0.0,0.0,2.0,0.0,0.0
-0.5056179775280913,0.0,0.0,2.0,0.0,0.0
-0.5056179775280896,0.0,0.0,2.0,0.0,0.0
-0.5056179775280896,0.0,0.0,2.0,0.0,0.0
-0.5056179775280896,0.0,0.0,2.0,0.0,0.0
-0.5056179775280896,0.0,0.0,2.0,0.0,0.0
-0.5056179775280896,0.0,0.0,2.0,0.0,0.0
-0.5056179775280913,0.0,0.0,2.0,0.0,0.0
-0.5056179775280896,0.0,0.0,2.0,0.0,0.0
-0.5056179775280896,0.0,0.0,2.0,0.0,0.0
-0.5056179775280896,0.0,0.0,2.0,0.0,0.0
-0.5056179775280896,0.0,0.0,2.0,0.0,0.0
-0.5056179775280913,0.0,0.0,2.0,0.0,0.0
-0.5056179775280896,0.0,0.0,2.0,0.0,0.0
-0.5056179775280896,0.0,0.0,2.0,0.0,0.0
-0.5056179775280896,0.0,0.0,2.0,0.0,0.0
-0.5056179775280896,0.0,0.0,2.0,0.0,0.0
-0.5056179775280896,0.0,0.0,2.0,0.0,0.0
-0.5056179775280896,0.0,0.0,2.0,0.0,0.0
-0.5056179775280896,0.0,0.0,2.0,0.0,0.0
-0.5056179775280931,0.0,0.0,2.0,0.0,0.0
-0.5056179775280896,0.0,0.0,2.0,0.0,0.0
-0.5056179775280896,0.0,0.0,2.0,0.0,0.0
-0.5056179775280896,0.0,0.0,2.0,0.0,0.0
-0.5056179775280896,0.0,0.0,2.0,0.0,0.0
-0.5056179775280896,0.0,0.0,2.0,0.0,0.0
-0.5056179775280896,0.0,0.0,2.0,0.0,0.0
-0.5056179775280896,0.0,0.0,2.0,0.0,0.0
-0.5056179775280896,0.0,0.0,2.0,0.0,0.0
-0.5056179775280896,0.0,0.0,2.0,0.0,0.0
-0.5056179775280896,0.0,0.0,2.0,0.0,0.0
-0.5056179775280931,0.0,0.0,2.0,0.0,0.0
-0.5056179775280896,0.0,0.0,2.0,0.0,0.0
-0.5056179775280896,0.0,0.0,2.0,0.0,0.0
-0.5056179775280896,0.0,0.0,2.0,0.0,0.0
-0.5056179775280896,0.0,0.0,2.0,0.0,0.0
-0.5056179775280896,0.0,0.0,2.0,0.0,0.0
-0.5056179775280896,0.0,0.0,2.0,0.0,0.0
-0.5056179775280896,0.0,0.0,2.0,0.0,0.0
-0.5056179775280896,0.0,0.0,2.0,0.0,0.0
-0.5056179775280896,0.0,0.0,2.0,0.0,0.0
-0.5056179775280931,0.0,0.0,2.0,0.0,0.0
-0.5056179775280896,0.0,0.0,2.0,0.0,0.0
-0.5056179775280896,0.0,0.0,2.0,0.0,0.0
-0.5056179775280896,0.0,0.0,2.0,0.0,0.0
-0.5056179775280896,0.0,0.0,2.0,0.0,0.0
-0.5056179775280896,0.0,0.0,2.0,0.0,0.0
-0.5056179775280896,0.0,0.0,2.0,0.0,0.0
-0.5056179775280896,0.0,0.0,2.0,0.0,0.0
-0.5056179775280896,0.0,0.0,2.0,0.0,0.0
-0.5056179775280896,0.0,0.0,2.0,0.0,0.0
-0.5056179775280896,0.0,0.0,2.0,0.0,0.0
-0.5056179775280896,0.0,0.0,2.0,0.0,0.0
-0.5056179775280896,0.0,0.0,2.0,0.0,0.0
-0.5056179775280896,0.0,0.0,2.0,0.0,0.0
-0.5056179775280896,0.0,0.0,2.0,0.0,0.0
-0.5056179775280896,0.0,0.0,2.0,0.0,0.0
-0.5056179775280967,0.0,0.0,2.0,0.0,0.0
-0.5056179775280896,0.0,0.0,2.0,0.0,0.0
-0.5056179775280896,0.0,0.0,2.0,0.0,0.0
-0.5056179775280896,0.0,0.0,2.0,0.0,0.0
-0.5056179775280896,0.0,0.0,2.0,0.0,0.0
-0.5056179775280896,0.0,0.0,2.0,0.0,0.0
-0.5056179775280896,0.0,0.0,2.0,0.0,0.0
-0.5056179775280896,0.0,0.0,2.0,0.0,0.0
-0.5056179775280896,0.0,0.0,2.0,0.0,0.0
-0.5056179775280896,0.0,0.0,2.0,0.0,0.0
-0.5056179775280896,0.0,0.0,2.0,0.0,0.0
-0.5056179775280896,0.0,0.0,2.0,0.0,0.0
-0.5056179775280896,0.0,0.0,2.0,0.0,0.0
-0.5056179775280896,0.0,0.0,2.0,0.0,0.0
-0.5056179775280896,0.0,0.0,2.0,0.0,0.0
0.0,0.5625,0.0,2.0,0.0,0.0
0.0,0.5625,0.0,2.0,0.0,0.0
0.0,0.5625,0.0,2.0,0.0,0.0
0.0,0.5625,0.0,2.0,0.0,0.0
0.0,0.5625,0.0,2.0,0.0,0.0
0.0,0.5625,0.0,2.0,0.0,0.0
0.0,0.5625,0.0,2.0,0.0,0.0
0.0,0.5625,0.0,2.0,0.0,0.0
0.5056179775280896,0.0,0.0,2.0,0.0,0.0
0.5056179775280896,0.0,0.0,2.0,0.0,0.0
0.5056179775280896,0.0,0.0,2.0,0.0,0.0
0.5056179775280896,0.0,0.0,2.0,0.0,0.0
0.5056179775280896,0.0,0.0,2.0,0.0,0.0
0.5056179775280896,0.0,0.0,2.0,0.0,0.0
0.5056179775280896,0.0,0.0,2.0,0.0,0.0
0.5056179775280896,0.0,0.0,2.0,0.0,0.0
0.5056179775280896,0.0,0.0,2.0,0.0,0.0
0.5056179775280896,0.0,0.0,2.0,0.0,0.0
0.5056179775280896,0.0,0.0,2.0,0.0,0.0
0.5056179775280896,0.0,0.0,2.0,0.0,0.0
0.5056179775280967,0.0,0.0,2.0,0.0,0.0
0.5056179775280896,0.0,0.0,2.0,0.0,0.0
0.5056179775280896,0.0,0.0,2.0,0.0,0.0
0.5056179775280896,0.0,0.0,2.0,0.0,0.0
0.5056179775280896,0.0,0.0,2.0,0.0,0.0
0.5056179775280896,0.0,0.0,2.0,0.0,0.0
0.5056179775280896,0.0,0.0,2.0,0.0,0.0
0.5056179775280896,0.0,0.0,2.0,0.0,0.0
0.5056179775280896,0.0,0.0,2.0,0.0,0.0
0.5056179775280896,0.0,0.0,2.0,0.0,0.0
0.5056179775280896,0.0,0.0,2.0,0.0,0.0
0.5056179775280896,0.0,0.0,2.0,0.0,0.0
0.5056179775280896,0.0,0.0,2.0,0.0,0.0
0.5056179775280896,0.0,0.0,2.0,0.0,0.0
0.5056179775280896,0.0,0.0,2.0,0.0,0.0
0.5056179775280896,0.0,0.0,2.0,0.0,0.0
0.5056179775280896,0.0,0.0,2.0,0.0,0.0
0.5056179775280931,0.0,0.0,2.0,0.0,0.0
0.5056179775280896,0.0,0.0,2.0,0.0,0.0
0.5056179775280896,0.0,0.0,2.0,0.0,0.0
0.5056179775280896,0.0,0.0,2.0,0.0,0.0
0.5056179775280896,0.0,0.0,2.0,0.0,0.0
0.5056179775280896,0.0,0.0,2.0,0.0,0.0
0.5056179775280896,0.0,0.0,2.0,0.0,0.0
0.5056179775280896,0.0,0.0,2.0,0.0,0.0
0.5056179775280931,0.0,0.0,2.0,0.0,0.0
0.5056179775280896,0.0,0.0,2.0,0.0,0.0
0.5056179775280896,0.0,0.0,2.0,0.0,0.0
0.5056179775280896,0.0,0.0,2.0,0.0,0.0
0.5056179775280896,0.0,0.0,2.0,0.0,0.0
0.5056179775280896,0.0,0.0,2.0,0.0,0.0
0.5056179775280896,0.0,0.0,2.0,0.0,0.0
0.5056179775280896,0.0,0.0,2.0,0.0,0.0
0.5056179775280896,0.0,0.0,2.0,0.0,0.0
0.5056179775280896,0.0,0.0,2.0,0.0,0.0
0.5056179775280896,0.0,0.0,2.0,0.0,0.0
0.5056179775280931,0.0,0.0,2.0,0.0,0.0
0.5056179775280896,0.0,0.0,2.0,0.0,0.0
0.5056179775280896,0.0,0.0,2.0,0.0,0.0
0.5056179775280896,0.0,0.0,2.0,0.0,0.0
0.5056179775280896,0.0,0.0,2.0,0.0,0.0
0.5056179775280896,0.0,0.0,2.0,0.0,0.0
0.5056179775280896,0.0,0.0,2.0,0.0,0.0
0.5056179775280896,0.0,0.0,2.0,0.0,0.0
0.5056179775280896,0.0,0.0,2.0,0.0,0.0
0.5056179775280896,0.0,0.0,2.0,0.0,0.0
0.5056179775280931,0.0,0.0,2.0,0.0,0.0
0.5056179775280896,0.0,0.0,2.0,0.0,0.0
0.5056179775280896,0.0,0.0,2.0,0.0,0.0
0.5056179775280896,0.0,0.0,2.0,0.0,0.0
0.5056179775280896,0.0,0.0,2.0,0.0,0.0
0.5056179775280896,0.0,0.0,2.0,0.0,0.0
0.5056179775280896,0.0,0.0,2.0,0.0,0.0
0.5056179775280896,0.0,0.0,2.0,0.0,0.0
0.5056179775280896,0.0,0.0,2.0,0.0,0.0
0.5056179775280896,0.0,0.0,2.0,0.0,0.0
0.5056179775280896,0.0,0.0,2.0,0.0,0.0
0.5056179775280896,0.0,0.0,2.0,0.0,0.0
0.5056179775280896,0.0,0.0,2.0,0.0,0.0
0.5056179775280896,0.0,0.0,2.0,0.0,0.0
0.5056179775280896,0.0,0.0,2.0,0.0,0.0
0.5056179775280896,0.0,0.0,2.0,0.0,0.0
0.5056179775280967,0.0,0.0,2.0,0.0,0.0
0.5056179775280896,0.0,0.0,2.0,0.0,0.0
0.5056179775280896,0.0,0.0,2.0,0.0,0.0
0.5056179775280896,0.0,0.0,2.0,0.0,0.0
0.5056179775280896,0.0,0.0,2.0,0.0,0.0
0.5056179775280896,0.0,0.0,2.0,0.0,0.0
0.5056179775280896,0.0,0.0,2.0,0.0,0.0
0.5056179775280896,0.0,0.0,2.0,0.0,0.0
0.5056179775280896,0.0,0.0,2.0,0.0,0.0
0.5056179775280896,0.0,0.0,2.0,0.0,0.0
0.5056179775280896,0.0,0.0,2.0,0.0,0.0
0.5056179775280896,0.0,0.0,2.0,0.0,0.0
0.5056179775280896,0.0,0.0,2.0,0.0,0.0
0.5056179775280896,0.0,0.0,2.0,0.0,0.0
0.5056179775280896,0.0,0.0,2.0,0.0,0.0
0.0,0.5625,0.0,2.0,0.0,0.0
0.0,0.5625,0.0,2.0,0.0,0.0
0.0,0.5625,0.0,2.0,0.0,0.0
0.0,0.5625,0.0,2.0,0.0,0.0
0.0,0.5625,0.0,2.0,0.0,0.0
0.0,0.5625,0.0,2.0,0.0,0.0
0.0,0.5625,0.0,2.0,0.0,0.0
0.0,0.5625,0.0,2.0,0.0,0.0
-0.5056179775280899,0.0,0.0,2.0,0.0,0.0
-0.5056179775280899,0.0,0.0,2.0,0.0,0.0
-0.5056179775280898,0.0,0.0,2.0,0.0,0.0
-0.50561797752809,0.0,0.0,2.0,0.0,0.0
-0.50561797752809,0.0,0.0,2.0,0.0,0.0
-0.5056179775280896,0.0,0.0,2.0,0.0,0.0
-0.50561797752809,0.0,0.0,2.0,0.0,0.0
-0.50561797752809,0.0,0.0,2.0,0.0,0.0
-0.5056179775280896,0.0,0.0,2.0,0.0,0.0
-0.5056179775280905,0.0,0.0,2.0,0.0,0.0
-0.5056179775280896,0.0,0.0,2.0,0.0,0.0
-0.5056179775280896,0.0,0.0,2.0,0.0,0.0
-0.5056179775280905,0.0,0.0,2.0,0.0,0.0
-0.5056179775280896,0.0,0.0,2.0,0.0,0.0
-0.5056179775280905,0.0,0.0,2.0,0.0,0.0
-0.5056179775280896,0.0,0.0,2.0,0.0,0.0
-0.5056179775280896,0.0,0.0,2.0,0.0,0.0
-0.5056179775280896,0.0,0.0,2.0,0.0,0.0
-0.5056179775280913,0.0,0.0,2.0,0.0,0.0
-0.5056179775280896,0.0,0.0,2.0,0.0,0.0
-0.5056179775280896,0.0,0.0,2.0,0.0,0.0
-0.5056179775280896,0.0,0.0,2.0,0.0,0.0
-0.5056179775280896,0.0,0.0,2.0,0.0,0.0
-0.5056179775280896,0.0,0.0,2.0,0.0,0.0
-0.5056179775280913,0.0,0.0,2.0,0.0,0.0
-0.5056179775280896,0.0,0.0,2.0,0.0,0.0
-0.5056179775280896,0.0,0.0,2.0,0.0,0.0
-0.5056179775280896,0.0,0.0,2.0,0.0,0.0
-0.5056179775280896,0.0,0.0,2.0,0.0,0.0
-0.5056179775280913,0.0,0.0,2.0,0.0,0.0
-0.5056179775280896,0.0,0.0,2.0,0.0,0.0
-0.5056179775280896,0.0,0.0,2.0,0.0,0.0
-0.5056179775280896,0.0,0.0,2.0,0.0,0.0
-0.5056179775280896,0.0,0.0,2.0,0.0,0.0
-0.5056179775280896,0.0,0.0,2.0,0.0,0.0
-0.5056179775280896,0.0,0.0,2.0,0.0,0.0
-0.5056179775280896,0.0,0.0,2.0,0.0,0.0
-0.5056179775280931,0.0,0.0,2.0,0.0,0.0
-0.5056179775280896,0.0,0.0,2.0,0.0,0.0
-0.5056179775280896,0.0,0.0,2.0,0.0,0.0
-0.5056179775280896,0.0,0.0,2.0,0.0,0.0
-0.5056179775280896,0.0,0.0,2.0,0.0,0.0
-0.5056179775280896,0.0,0.0,2.0,0.0,0.0
-0.5056179775280896,0.0,0.0,2.0,0.0,0.0
-0.5056179775280896,0.0,0.0,2.0,0.0,0.0
-0.5056179775280896,0.0,0.0,2.0,0.0,0.0
-0.5056179775280896,0.0,0.0,2.0,0.0,0.0
-0.5056179775280896,0.0,0.0,2.0,0.0,0.0
-0.5056179775280931,0.0,0.0,2.0,0.0,0.0
-0.5056179775280896,0.0,0.0,2.0,0.0,0.0
-0.5056179775280896,0.0,0.0,2.0,0.0,0.0
-0.5056179775280896,0.0,0.0,2.0,0.0,0.0
-0.5056179775280896,0.0,0.0,2.0,0.0,0.0
-0.5056179775280896,0.0,0.0,2.0,0.0,0.0
-0.5056179775280896,0.0,0.0,2.0,0.0,0.0
-0.5056179775280896,0.0,0.0,2.0,0.0,0.0
-0.5056179775280896,0.0,0.0,2.0,0.0,0.0
-0.5056179775280896,0.0,0.0,2.0,0.0,0.0
-0.5056179775280931,0.0,0.0,2.0,0.0,0.0
-0.5056179775280896,0.0,0.0,2.0,0.0,0.0
-0.5056179775280896,0.0,0.0,2.0,0.0,0.0
-0.5056179775280896,0.0,0.0,2.0,0.0,0.0
-0.5056179775280896,0.0,0.0,2.0,0.0,0.0
-0.5056179775280896,0.0,0.0,2.0,0.0,0.0
-0.5056179775280896,0.0,0.0,2.0,0.0,0.0
-0.5056179775280896,0.0,0.0,2.0,0.0,0.0
-0.5056179775280896,0.0,0.0,2.0,0.0,0.0
-0.5056179775280896,0.0,0.0,2.0,0.0,0.0
-0.5056179775280896,0.0,0.0,2.0,0.0,0.0
-0.5056179775280896,0.0,0.0,2.0,0.0,0.0
-0.5056179775280896,0.0,0.0,2.0,0.0,0.0
-0.5056179775280896,0.0,0.0,2.0,0.0,0.0
-0.5056179775280896,0.0,0.0,2.0,0.0,0.0
-0.5056179775280896,0.0,0.0,2.0,0.0,0.0
-0.5056179775280967,0.0,0.0,2.0,0.0,0.0
-0.5056179775280896,0.0,0.0,2.0,0.0,0.0
-0.5056179775280896,0.0,0.0,2.0,0.0,0.0
-0.5056179775280896,0.0,0.0,2.0,0.0,0.0
-0.5056179775280896,0.0,0.0,2.0,0.0,0.0
-0.5056179775280896,0.0,0.0,2.0,0.0,0.0
-0.5056179775280896,0.0,0.0,2.0,0.0,0.0
-0.5056179775280896,0.0,0.0,2.0,0.0,0.0
-0.5056179775280896,0.0,0.0,2.0,0.0,0.0
-0.5056179775280896,0.0,0.0,2.0,0.0,0.0
-0.5056179775280896,0.0,0.0,2.0,0.0,0.0
-0.5056179775280896,0.0,0.0,2.0,0.0,0.0
-0.5056179775280896,0.0,0.0,2.0,0.0,0.0
-0.5056179775280896,0.0,0.0,2.0,0.0,0.0
-0.5056179775280896,0.0,0.0,2.0,0.0,0.0
0.0,0.5625,0.0,2.0,0.0,0.0
0.0,0.5625,0.0,2.0,0.0,0.0
0.0,0.5625,0.0,2.0,0.0,0.0
0.0,0.5625,0.0,2.0,0.0,0.0
0.0,0.5625,0.0,2.0,0.0,0.0
0.0,0.5625,0.0,2.0,0.0,0.0
0.0,0.5625,0.0,2.0,0.0,0.0
0.0,0.5625,0.0,2.0,0.0,0.0
0.5056179775280896,0.0,0.0,2.0,0.0,0.0
0.5056179775280896,0.0,0.0,2.0,0.0,0.0
0.5056179775280896,0.0,0.0,2.0,0.0,0.0
0.5056179775280896,0.0,0.0,2.0,0.0,0.0
0.5056179775280896,0.0,0.0,2.0,0.0,0.0
0.5056179775280896,0.0,0.0,2.0,0.0,0.0
0.5056179775280896,0.0,0.0,2.0,0.0,0.0
0.5056179775280896,0.0,0.0,2.0,0.0,0.0
0.5056179775280896,0.0,0.0,2.0,0.0,0.0
0.5056179775280896,0.0,0.0,2.0,0.0,0.0
0.5056179775280896,0.0,0.0,2.0,0.0,0.0
0.5056179775280896,0.0,0.0,2.0,0.0,0.0
0.5056179775280967,0.0,0.0,2.0,0.0,0.0
0.5056179775280896,0.0,0.0,2.0,0.0,0.0
0.5056179775280896,0.0,0.0,2.0,0.0,0.0
0.5056179775280896,0.0,0.0,2.0,0.0,0.0
0.5056179775280896,0.0,0.0,2.0,0.0,0.0
0.5056179775280896,0.0,0.0,2.0,0.0,0.0
0.5056179775280896,0.0,0.0,2.0,0.0,0.0
0.5056179775280896,0.0,0.0,2.0,0.0,0.0
0.5056179775280896,0.0,0.0,2.0,0.0,0.0
0.5056179775280896,0.0,0.0,2.0,0.0,0.0
0.5056179775280896,0.0,0.0,2.0,0.0,0.0
0.5056179775280896,0.0,0.0,2.0,0.0,0.0
0.5056179775280896,0.0,0.0,2.0,0.0,0.0
0.5056179775280896,0.0,0.0,2.0,0.0,0.0
0.5056179775280896,0.0,0.0,2.0,0.0,0.0
0.5056179775280896,0.0,0.0,2.0,0.0,0.0
0.5056179775280896,0.0,0.0,2.0,0.0,0.0
0.5056179775280931,0.0,0.0,2.0,0.0,0.0
0.5056179775280896,0.0,0.0,2.0,0.0,0.0
0.5056179775280896,0.0,0.0,2.0,0.0,0.0
0.5056179775280896,0.0,0.0,2.0,0.0,0.0
0.5056179775280896,0.0,0.0,2.0,0.0,0.0
0.5056179775280896,0.0,0.0,2.0,0.0,0.0
0.5056179775280896,0.0,0.0,2.0,0.0,0.0
0.5056179775280896,0.0,0.0,2.0,0.0,0.0
0.5056179775280931,0.0,0.0,2.0,0.0,0.0
0.5056179775280896,0.0,0.0,2.0,0.0,0.0
0.5056179775280896,0.0,0.0,2.0,0.0,0.0
0.5056179775280896,0.0,0.0,2.0,0.0,0.0
0.5056179775280896,0.0,0.0,2.0,0.0,0.0
0.5056179775280896,0.0,0.0,2.0,0.0,0.0
0.5056179775280896,0.0,0.0,2.0,0.0,0.0
0.5056179775280896,0.0,0.0,2.0,0.0,0.0
0.5056179775280896,0.0,0.0,2.0,0.0,0.0
0.5056179775280896,0.0,0.0,2.0,0.0,0.0
0.5056179775280896,0.0,0.0,2.0,0.0,0.0
0.5056179775280931,0.0,0.0,2.0,0.0,0.0
0.5056179775280896,0.0,0.0,2.0,0.0,0.0
0.5056179775280896,0.0,0.0,2.0,0.0,0.0
0.5056179775280896,0.0,0.0,2.0,0.0,0.0
0.5056179775280896,0.0,0.0,2.0,0.0,0.0
0.5056179775280896,0.0,0.0,2.0,0.0,0.0
0.5056179775280896,0.0,0.0,2.0,0.0,0.0
0.5056179775280896,0.0,0.0,2.0,0.0,0.0
0.5056179775280896,0.0,0.0,2.0,0.0,0.0
0.5056179775280896,0.0,0.0,2.0,0.0,0.0
0.5056179775280931,0.0,0.0,2.0,0.0,0.0
0.5056179775280896,0.0,0.0,2.0,0.0,0.0
0.5056179775280896,0.0,0.0,2.0,0.0,0.0
0.5056179775280896,0.0,0.0,2.0,0.0,0.0
0.5056179775280896,0.0,0.0,2.0,0.0,0.0
0.5056179775280896,0.0,0.0,2.0,0.0,0.0
0.5056179775280896,0.0,0.0,2.0,0.0,0.0
0.5056179775280896,0.0,0.0,2.0,0.0,0.0
0.5056179775280896,0.0,0.0,2.0,0.0,0.0
0.5056179775280896,0.0,0.0,2.0,0.0,0.0
0.5056179775280896,0.0,0.0,2.0,0.0,0.0
0.5056179775280896,0.0,0.0,2.0,0.0,0.0
0.5056179775280896,0.0,0.0,2.0,0.0,0.0
0.5056179775280896,0.0,0.0,2.0,0.0,0.0
0.5056179775280896,0.0,0.0,2.0,0.0,0.0
0.5056179775280896,0.0,0.0,2.0,0.0,0.0
0.5056179775280967,0.0,0.0,2.0,0.0,0.0
0.5056179775280896,0.0,0.0,2.0,0.0,0.0
0.5056179775280896,0.0,0.0,2.0,0.0,0.0
0.5056179775280896,0.0,0.0,2.0,0.0,0.0
0.5056179775280896,0.0,0.0,2.0,0.0,0.0
0.5056179775280896,0.0,0.0,2.0,0.0,0.0
0.5056179775280896,0.0,0.0,2.0,0.0,0.0
0.5056179775280896,0.0,0.0,2.0,0.0,0.0
0.5056179775280896,0.0,0.0,2.0,0.0,0.0
0.5056179775280896,0.0,0.0,2.0,0.0,0.0
0.5056179775280896,0.0,0.0,2.0,0.0,0.0
0.5056179775280896,0.0,0.0,2.0,0.0,0.0
0.5056179775280896,0.0,0.0,2.0,0.0,0.0
0.5056179775280896,0.0,0.0,2.0,0.0,0.0
0.5056179775280896,0.0,0.0,2.0,0.0,0.0
0.0,0.5625,0.0,2.0,0.0,0.0
0.0,0.5625,0.0,2.0,0.0,0.0
0.0,0.5625,0.0,2.0,0.0,0.0
0.0,0.5625,0.0,2.0,0.0,0.0
0.0,0.5625,0.0,2.0,0.0,0.0
0.0,0.5625,0.0,2.0,0.0,0.0
0.0,0.5625,0.0,2.0,0.0,0.0
0.0,0.5625,0.0,2.0,0.0,0.0
-0.5056179775280899,0.0,0.0,2.0,0.0,0.0
-0.5056179775280899,0.0,0.0,2.0,0.0,0.0
-0.5056179775280898,0.0,0.0,2.0,0.0,0.0
-0.50561797752809,0.0,0.0,2.0,0.0,0.0
-0.50561797752809,0.0,0.0,2.0,0.0,0.0
-0.5056179775280896,0.0,0.0,2.0,0.0,0.0
-0.50561797752809,0.0,0.0,2.0,0.0,0.0
-0.50561797752809,0.0,0.0,2.0,0.0,0.0
-0.5056179775280896,0.0,0.0,2.0,0.0,0.0
-0.5056179775280905,0.0,0.0,2.0,0.0,0.0
-0.5056179775280896,0.0,0.0,2.0,0.0,0.0
-0.5056179775280896,0.0,0.0,2.0,0.0,0.0
-0.5056179775280905,0.0,0.0,2.0,0.0,0.0
-0.5056179775280896,0.0,0.0,2.0,0.0,0.0
-0.5056179775280905,0.0,0.0,2.0,0.0,0.0
-0.5056179775280896,0.0,0.0,2.0,0.0,0.0
-0.5056179775280896,0.0,0.0,2.0,0.0,0.0
-0.5056179775280896,0.0,0.0,2.0,0.0,0.0
-0.5056179775280913,0.0,0.0,2.0,0.0,0.0
-0.5056179775280896,0.0,0.0,2.0,0.0,0.0
-0.5056179775280896,0.0,0.0,2.0,0.0,0.0
-0.5056179775280896,0.0,0.0,2.0,0.0,0.0
-0.5056179775280896,0.0,0.0,2.0,0.0,0.0
-0.5056179775280896,0.0,0.0,2.0,0.0,0.0
-0.5056179775280913,0.0,0.0,2.0,0.0,0.0
-0.5056179775280896,0.0,0.0,2.0,0.0,0.0
-0.5056179775280896,0.0,0.0,2.0,0.0,0.0
-0.5056179775280896,0.0,0.0,2.0,0.0,0.0
-0.5056179775280896,0.0,0.0,2.0,0.0,0.0
-0.5056179775280913,0.0,0.0,2.0,0.0,0.0
-0.5056179775280896,0.0,0.0,2.0,0.0,0.0
-0.5056179775280896,0.0,0.0,2.0,0.0,0.0
-0.5056179775280896,0.0,0.0,2.0,0.0,0.0
-0.5056179775280896,0.0,0.0,2.0,0.0,0.0
-0.5056179775280896,0.0,0.0,2.0,0.0,0.0
-0.5056179775280896,0.0,0.0,2.0,0.0,0.0
-0.5056179775280896,0.0,0.0,2.0,0.0,0.0
-0.5056179775280931,0.0,0.0,2.0,0.0,0.0
-0.5056179775280896,0.0,0.0,2.0,0.0,0.0
-0.5056179775280896,0.0,0.0,2.0,0.0,0.0
-0.5056179775280896,0.0,0.0,2.0,0.0,0.0
-0.5056179775280896,0.0,0.0,2.0,0.0,0.0
-0.5056179775280896,0.0,0.0,2.0,0.0,0.0
-0.5056179775280896,0.0,0.0,2.0,0.0,0.0
-0.5056179775280896,0.0,0.0,2.0,0.0,0.0
-0.5056179775280896,0.0,0.0,2.0,0.0,0.0
-0.5056179775280896,0.0,0.0,2.0,0.0,0.0
-0.5056179775280896,0.0,0.0,2.0,0.0,0.0
-0.5056179775280931,0.0,0.0,2.0,0.0,0.0
-0.5056179775280896,0.0,0.0,2.0,0.0,0.0
-0.5056179775280896,0.0,0.0,2.0,0.0,0.0
-0.5056179775280896,0.0,0.0,2.0,0.0,0.0
-0.5056179775280896,0.0,0.0,2.0,0.0,0.0
-0.5056179775280896,0.0,0.0,2.0,0.0,0.0
-0.5056179775280896,0.0,0.0,2.0,0.0,0.0
-0.5056179775280896,0.0,0.0,2.0,0.0,0.0
-0.5056179775280896,0.0,0.0,2.0,0.0,0.0
-0.5056179775280896,0.0,0.0,2.0,0.0,0.0
-0.5056179775280931,0.0,0.0,2.0,0.0,0.0
-0.5056179775280896,0.0,0.0,2.0,0.0,0.0
-0.5056179775280896,0.0,0.0,2.0,0.0,0.0
-0.5056179775280896,0.0,0.0,2.0,0.0,0.0
-0.5056179775280896,0.0,0.0,2.0,0.0,0.0
-0.5056179775280896,0.0,0.0,2.0,0.0,0.0
-0.5056179775280896,0.0,0.0,2.0,0.0,0.0
-0.5056179775280896,0.0,0.0,2.0,0.0,0.0
-0.5056179775280896,0.0,0.0,2.0,0.0,0.0
-0.5056179775280896,0.0,0.0,2.0,0.0,0.0
-0.5056179775280896,0.0,0.0,2.0,0.0,0.0
-0.5056179775280896,0.0,0.0,2.0,0.0,0.0
-0.5056179775280896,0.0,0.0,2.0,0.0,0.0
-0.5056179775280896,0.0,0.0,2.0,0.0,0.0
-0.5056179775280896,0.0,0.0,2.0,0.0,0.0
-0.5056179775280896,0.0,0.0,2.0,0.0,0.0
-0.5056179775280967,0.0,0.0,2.0,0.0,0.0
-0.5056179775280896,0.0,0.0,2.0,0.0,0.0
-0.5056179775280896,0.0,0.0,2.0,0.0,0.0
-0.5056179775280896,0.0,0.0,2.0,0.0,0.0
-0.5056179775280896,0.0,0.0,2.0,0.0,0.0
-0.5056179775280896,0.0,0.0,2.0,0.0,0.0
-0.5056179775280896,0.0,0.0,2.0,0.0,0.0
-0.5056179775280896,0.0,0.0,2.0,0.0,0.0
-0.5056179775280896,0.0,0.0,2.0,0.0,0.0
-0.5056179775280896,0.0,0.0,2.0,0.0,0.0
-0.5056179775280896,0.0,0.0,2.0,0.0,0.0
-0.5056179775280896,0.0,0.0,2.0,0.0,0.0
-0.5056179775280896,0.0,0.0,2.0,0.0,0.0
-0.5056179775280896,0.0,0.0,2.0,0.0,0.0
-0.5056179775280896,0.0,0.0,2.0,0.0,0.0
0.0,0.5625,0.0,2.0,0.0,0.0
0.0,0.5625,0.0,2.0,0.0,0.0
0.0,0.5625,0.0,2.0,0.0,0.0
0.0,0.5625,0.0,2.0,0.0,0.0
0.0,0.5625,0.0,2.0,0.0,0.0
0.0,0.5625,0.0,2.0,0.0,0.0
0.0,0.5625,0.0,2.0,0.0,0.0
0.0,0.5625,0.0,2.0,0.0,0.0
0.5056179775280896,0.0,0.0,2.0,0.0,0.0
0.5056179775280896,0.0,0.0,2.0,0.0,0.0
0.5056179775280896,0.0,0.0,2.0,0.0,0.0
0.5056179775280896,0.0,0.0,2.0,0.0,0.0
0.5056179775280896,0.0,0.0,2.0,0.0,0.0
0.5056179775280896,0.0,0.0,2.0,0.0,0.0
0.5056179775280896,0.0,0.0,2.0,0.0,0.0
0.5056179775280896,0.0,0.0,2.0,0.0,0.0
0.5056179775280896,0.0,0.0,2.0,0.0,0.0
0.5056179775280896,0.0,0.0,2.0,0.0,0.0
0.5056179775280896,0.0,0.0,2.0,0.0,0.0
0.5056179775280896,0.0,0.0,2.0,0.0,0.0
0.5056179775280967,0.0,0.0,2.0,0.0,0.0
0.5056179775280896,0.0,0.0,2.0,0.0,0.0
0.5056179775280896,0.0,0.0,2.0,0.0,0.0
0.5056179775280896,0.0,0.0,2.0,0.0,0.0
0.5056179775280896,0.0,0.0,2.0,0.0,0.0
0.5056179775280896,0.0,0.0,2.0,0.0,0.0
0.5056179775280896,0.0,0.0,2.0,0.0,0.0
0.5056179775280896,0.0,0.0,2.0,0.0,0.0
0.5056179775280896,0.0,0.0,2.0,0.0,0.0
0.5056179775280896,0.0,0.0,2.0,0.0,0.0
0.5056179775280896,0.0,0.0,2.0,0.0,0.0
0.5056179775280896,0.0,0.0,2.0,0.0,0.0
0.5056179775280896,0.0,0.0,2.0,0.0,0.0
0.5056179775280896,0.0,0.0,2.0,0.0,0.0
0.5056179775280896,0.0,0.0,2.0,0.0,0.0
0.5056179775280896,0.0,0.0,2.0,0.0,0.0
0.5056179775280896,0.0,0.0,2.0,0.0,0.0
0.5056179775280931,0.0,0.0,2.0,0.0,0.0
0.5056179775280896,0.0,0.0,2.0,0.0,0.0
0.5056179775280896,0.0,0.0,2.0,0.0,0.0
0.5056179775280896,0.0,0.0,2.0,0.0,0.0
0.5056179775280896,0.0,0.0,2.0,0.0,0.0
0.5056179775280896,0.0,0.0,2.0,0.0,0.0
0.5056179775280896,0.0,0.0,2.0,0.0,0.0
0.5056179775280896,0.0,0.0,2.0,0.0,0.0
0.5056179775280931,0.0,0.0,2.0,0.0,0.0
0.5056179775280896,0.0,0.0,2.0,0.0,0.0
0.5056179775280896,0.0,0.0,2.0,0.0,0.0
0.5056179775280896,0.0,0.0,2.0,0.0,0.0
0.5056179775280896,0.0,0.0,2.0,0.0,0.0
0.5056179775280896,0.0,0.0,2.0,0.0,0.0
0.5056179775280896,0.0,0.0,2.0,0.0,0.0
0.5056179775280896,0.0,0.0,2.0,0.0,0.0
0.5056179775280896,0.0,0.0,2.0,0.0,0.0
0.5056179775280896,0.0,0.0,2.0,0.0,0.0
0.5056179775280896,0.0,0.0,2.0,0.0,0.0
0.5056179775280931,0.0,0.0,2.0,0.0,0.0
0.5056179775280896,0.0,0.0,2.0,0.0,0.0
0.5056179775280896,0.0,0.0,2.0,0.0,0.0
0.5056179775280896,0.0,0.0,2.0,0.0,0.0
0.5056179775280896,0.0,0.0,2.0,0.0,0.0
0.5056179775280896,0.0,0.0,2.0,0.0,0.0
0.5056179775280896,0.0,0.0,2.0,0.0,0.0
0.5056179775280896,0.0,0.0,2.0,0.0,0.0
0.5056179775280896,0.0,0.0,2.0,0.0,0.0
0.5056179775280896,0.0,0.0,2.0,0.0,0.0
0.5056179775280931,0.0,0.0,2.0,0.0,0.0
0.5056179775280896,0.0,0.0,2.0,0.0,0.0
0.5056179775280896,0.0,0.0,2.0,0.0,0.0
0.5056179775280896,0.0,0.0,2.0,0.0,0.0
0.5056179775280896,0.0,0.0,2.0,0.0,0.0
0.5056179775280896,0.0,0.0,2.0,0.0,0.0
0.5056179775280896,0.0,0.0,2.0,0.0,0.0
0.5056179775280896,0.0,0.0,2.0,0.0,0.0
0.5056179775280896,0.0,0.0,2.0,0.0,0.0
0.5056179775280896,0.0,0.0,2.0,0.0,0.0
0.5056179775280896,0.0,0.0,2.0,0.0,0.0
0.5056179775280896,0.0,0.0,2.0,0.0,0.0
0.5056179775280896,0.0,0.0,2.0,0.0,0.0
0.5056179775280896,0.0,0.0,2.0,0.0,0.0
0.5056179775280896,0.0,0.0,2.0,0.0,0.0
0.5056179775280896,0.0,0.0,2.0,0.0,0.0
0.5056179775280967,0.0,0.0,2.0,0.0,0.0
0.5056179775280896,0.0,0.0,2.0,0.0,0.0
0.5056179775280896,0.0,0.0,2.0,0.0,0.0
0.5056179775280896,0.0,0.0,2.0,0.0,0.0
0.5056179775280896,0.0,0.0,2.0,0.0,0.0
0.5056179775280896,0.0,0.0,2.0,0.0,0.0
0.5056179775280896,0.0,0.0,2.0,0.0,0.0
0.5056179775280896,0.0,0.0,2.0,0.0,0.0
0.5056179775280896,0.0,0.0,2.0,0.0,0.0
0.5056179775280896,0.0,0.0,2.0,0.0,0.0
0.5056179775280896,0.0,0.0,2.0,0.0,0.0
0.5056179775280896,0.0,0.0,2.0,0.0,0.0
0.5056179775280896,0.0,0.0,2.0,0.0,0.0
0.5056179775280896,0.0,0.0,2.0,0.0,0.0
0.5056179775280896,0.0,0.0,2.0,0.0,0.0
0.0,0.5625,0.0,2.0,0.0,0.0
0.0,0.5625,0.0,2.0,0.0,0.0
0.0,0.5625,0.0,2.0,0.0,0.0
0.0,0.5625,0.0,2.0,0.0,0.0
0.0,0.5625,0.0,2.0,0.0,0.0
0.0,0.5625,0.0,2.0,0.0,0.0
0.0,0.5625,0.0,2.0,0.0,0.0
0.0,0.5625,0.0,2.0,0.0,0.0
0.0,0.0,0.0,-5,0.0,0.0
0.0,0.0,1.0,0.0,0.0,0.0
0.0,-0.5046728971962651,0.0,0.0,0.0,0.0
0.0,-0.504672897196258,0.0,0.0,0.0,0.0
0.0,-0.5046728971962651,0.0,0.0,0.0,0.0
0.0,-0.504672897196258,0.0,0.0,0.0,0.0
0.0,-0.5046728971962651,0.0,0.0,0.0,0.0
0.0,-0.504672897196258,0.0,0.0,0.0,0.0
0.0,-0.5046728971962651,0.0,0.0,0.0,0.0
0.0,-0.504672897196258,0.0,0.0,0.0,0.0
0.0,-0.5046728971962651,0.0,0.0,0.0,0.0
0.0,-0.504672897196258,0.0,0.0,0.0,0.0
0.0,-0.5046728971962651,0.0,0.0,0.0,0.0
0.0,-0.504672897196258,0.0,0.0,0.0,0.0
0.0,-0.5046728971962651,0.0,0.0,0.0,0.0
0.0,-0.504672897196258,0.0,0.0,0.0,0.0
0.0,-0.5046728971962651,0.0,0.0,0.0,0.0
0.0,-0.504672897196258,0.0,0.0,0.0,0.0
0.0,-0.5046728971962651,0.0,0.0,0.0,0.0
0.0,-0.504672897196258,0.0,0.0,0.0,0.0
0.0,-0.5046728971962651,0.0,0.0,0.0,0.0
0.0,-0.504672897196258,0.0,0.0,0.0,0.0
0.0,-0.5046728971962651,0.0,0.0,0.0,0.0
0.0,-0.504672897196258,0.0,0.0,0.0,0.0
0.0,-0.5046728971962651,0.0,0.0,0.0,0.0
0.0,-0.504672897196258,0.0,0.0,0.0,0.0
0.0,-0.5046728971962651,0.0,0.0,0.0,0.0
0.0,-0.5046728971962651,0.0,0.0,0.0,0.0
0.0,-0.504672897196258,0.0,0.0,0.0,0.0
0.0,-0.504672897196258,0.0,0.0,0.0,0.0
0.0,-0.5046728971962651,0.0,0.0,0.0,0.0
0.0,-0.5046728971962651,0.0,0.0,0.0,0.0
0.0,-0.504672897196258,0.0,0.0,0.0,0.0
0.0,-0.504672897196258,0.0,0.0,0.0,0.0
0.0,-0.5046728971962651,0.0,0.0,0.0,0.0
0.0,-0.5046728971962651,0.0,0.0,0.0,0.0
0.0,-0.504672897196258,0.0,0.0,0.0,0.0
0.0,-0.504672897196258,0.0,0.0,0.0,0.0
0.0,-0.5046728971962651,0.0,0.0,0.0,0.0
0.0,-0.5046728971962651,0.0,0.0,0.0,0.0
0.0,-0.504672897196258,0.0,0.0,0.0,0.0
0.0,-0.504672897196258,0.0,0.0,0.0,0.0
0.0,-0.5046728971962651,0.0,0.0,0.0,0.0
0.0,-0.5046728971962651,0.0,0.0,0.0,0.0
0.0,-0.504672897196258,0.0,0.0,0.0,0.0
0.0,-0.5046728971962615,0.0,0.0,0.0,0.0
0.0,-0.5046728971962615,0.0,0.0,0.0,0.0
0.0,-0.5046728971962615,0.0,0.0,0.0,0.0
0.0,-0.5046728971962615,0.0,0.0,0.0,0.0
0.0,-0.5046728971962651,0.0,0.0,0.0,0.0
0.0,-0.5046728971962615,0.0,0.0,0.0,0.0
0.0,-0.5046728971962615,0.0,0.0,0.0,0.0
0.0,-0.5046728971962615,0.0,0.0,0.0,0.0
0.0,-0.5046728971962615,0.0,0.0,0.0,0.0
0.0,-0.5046728971962615,0.0,0.0,0.0,0.0
0.0,-0.5046728971962615,0.0,0.0,0.0,0.0
0.0,-0.5046728971962615,0.0,0.0,0.0,0.0
0.0,-0.5046728971962615,0.0,0.0,0.0,0.0
0.0,-0.5046728971962615,0.0,0.0,0.0,0.0
0.0,-0.5046728971962615,0.0,0.0,0.0,0.0
0.0,-0.5046728971962615,0.0,0.0,0.0,0.0
0.0,-0.5046728971962615,0.0,0.0,0.0,0.0
0.0,-0.5046728971962615,0.0,0.0,0.0,0.0
0.0,-0.5046728971962615,0.0,0.0,0.0,0.0
0.0,-0.5046728971962615,0.0,0.0,0.0,0.0
0.0,-0.5046728971962615,0.0,0.0,0.0,0.0
0.0,-0.5046728971962651,0.0,0.0,0.0,0.0
0.0,-0.504672897196258,0.0,0.0,0.0,0.0
0.0,-0.5046728971962651,0.0,0.0,0.0,0.0
0.0,-0.504672897196258,0.0,0.0,0.0,0.0
0.0,-0.5046728971962651,0.0,0.0,0.0,0.0
0.0,-0.504672897196258,0.0,0.0,0.0,0.0
0.0,-0.5046728971962651,0.0,0.0,0.0,0.0
0.0,-0.504672897196258,0.0,0.0,0.0,0.0
0.0,-0.5046728971962651,0.0,0.0,0.0,0.0
0.0,-0.504672897196258,0.0,0.0,0.0,0.0
0.0,-0.5046728971962651,0.0,0.0,0.0,0.0
0.0,-0.504672897196258,0.0,0.0,0.0,0.0
0.0,-0.5046728971962651,0.0,0.0,0.0,0.0
0.0,-0.504672897196258,0.0,0.0,0.0,0.0
0.0,-0.5046728971962651,0.0,0.0,0.0,0.0
0.0,-0.504672897196258,0.0,0.0,0.0,0.0
0.0,-0.5046728971962651,0.0,0.0,0.0,0.0
0.0,-0.504672897196258,0.0,0.0,0.0,0.0
0.0,-0.5046728971962651,0.0,0.0,0.0,0.0
0.0,-0.504672897196258,0.0,0.0,0.0,0.0
0.0,-0.5046728971962651,0.0,0.0,0.0,0.0
0.0,-0.504672897196258,0.0,0.0,0.0,0.0
0.0,-0.5046728971962651,0.0,0.0,0.0,0.0
0.0,-0.504672897196258,0.0,0.0,0.0,0.0
0.0,-0.5046728971962651,0.0,0.0,0.0,0.0
0.0,-0.504672897196258,0.0,0.0,0.0,0.0
0.0,-0.5046728971962651,0.0,0.0,0.0,0.0
0.0,-0.504672897196258,0.0,0.0,0.0,0.0
0.0,-0.5046728971962651,0.0,0.0,0.0,0.0
0.0,-0.504672897196258,0.0,0.0,0.0,0.0
0.0,-0.5046728971962651,0.0,0.0,0.0,0.0
0.0,-0.5046728971962651,0.0,0.0,0.0,0.0
0.0,-0.504672897196258,0.0,0.0,0.0,0.0
0.0,-0.5046728971962651,0.0,0.0,0.0,0.0
0.0,-0.504672897196258,0.0,0.0,0.0,0.0
0.0,-0.5046728971962651,0.0,0.0,0.0,0.0
0.0,-0.504672897196258,0.0,0.0,0.0,0.0
0.0,-0.5046728971962651,0.0,0.0,0.0,0.0
0.0,-0.504672897196258,0.0,0.0,0.0,0.0
0.0,-0.5046728971962651,0.0,0.0,0.0,0.0
0.0,-0.504672897196258,0.0,0.0,0.0,0.0
0.0,-0.5046728971962651,0.0,0.0,0.0,0.0
0.0,-0.5046728971962651,0.0,0.0,0.0,0.0
0.0,0.0,0.0,5,0.0,0.0
-0.5056179775280899,0.0,0.0,2.0,0.0,0.0
-0.5056179775280899,0.0,0.0,2.0,0.0,0.0
-0.5056179775280898,0.0,0.0,2.0,0.0,0.0
-0.50561797752809,0.0,0.0,2.0,0.0,0.0
-0.50561797752809,0.0,0.0,2.0,0.0,0.0
-0.5056179775280896,0.0,0.0,2.0,0.0,0.0
-0.50561797752809,0.0,0.0,2.0,0.0,0.0
-0.50561797752809,0.0,0.0,2.0,0.0,0.0
-0.5056179775280896,0.0,0.0,2.0,0.0,0.0
-0.5056179775280905,0.0,0.0,2.0,0.0,0.0
-0.5056179775280896,0.0,0.0,2.0,0.0,0.0
-0.5056179775280896,0.0,0.0,2.0,0.0,0.0
-0.5056179775280905,0.0,0.0,2.0,0.0,0.0
-0.5056179775280896,0.0,0.0,2.0,0.0,0.0
-0.5056179775280905,0.0,0.0,2.0,0.0,0.0
-0.5056179775280896,0.0,0.0,2.0,0.0,0.0
-0.5056179775280896,0.0,0.0,2.0,0.0,0.0
-0.5056179775280896,0.0,0.0,2.0,0.0,0.0
-0.5056179775280913,0.0,0.0,2.0,0.0,0.0
-0.5056179775280896,0.0,0.0,2.0,0.0,0.0
-0.5056179775280896,0.0,0.0,2.0,0.0,0.0
-0.5056179775280896,0.0,0.0,2.0,0.0,0.0
-0.5056179775280896,0.0,0.0,2.0,0.0,0.0
-0.5056179775280896,0.0,0.0,2.0,0.0,0.0
-0.5056179775280913,0.0,0.0,2.0,0.0,0.0
-0.5056179775280896,0.0,0.0,2.0,0.0,0.0
-0.5056179775280896,0.0,0.0,2.0,0.0,0.0
-0.5056179775280896,0.0,0.0,2.0,0.0,0.0
-0.5056179775280896,0.0,0.0,2.0,0.0,0.0
-0.5056179775280913,0.0,0.0,2.0,0.0,0.0
-0.5056179775280896,0.0,0.0,2.0,0.0,0.0
-0.5056179775280896,0.0,0.0,2.0,0.0,0.0
-0.5056179775280896,0.0,0.0,2.0,0.0,0.0
-0.5056179775280896,0.0,0.0,2.0,0.0,0.0
-0.5056179775280896,0.0,0.0,2.0,0.0,0.0
-0.5056179775280896,0.0,0.0,2.0,0.0,0.0
-0.5056179775280896,0.0,0.0,2.0,0.0,0.0
-0.5056179775280931,0.0,0.0,2.0,0.0,0.0
-0.5056179775280896,0.0,0.0,2.0,0.0,0.0
-0.5056179775280896,0.0,0.0,2.0,0.0,0.0
-0.5056179775280896,0.0,0.0,2.0,0.0,0.0
-0.5056179775280896,0.0,0.0,2.0,0.0,0.0
-0.5056179775280896,0.0,0.0,2.0,0.0,0.0
-0.5056179775280896,0.0,0.0,2.0,0.0,0.0
-0.5056179775280896,0.0,0.0,2.0,0.0,0.0
-0.5056179775280896,0.0,0.0,2.0,0.0,0.0
-0.5056179775280896,0.0,0.0,2.0,0.0,0.0
-0.5056179775280896,0.0,0.0,2.0,0.0,0.0
-0.5056179775280931,0.0,0.0,2.0,0.0,0.0
-0.5056179775280896,0.0,0.0,2.0,0.0,0.0
-0.5056179775280896,0.0,0.0,2.0,0.0,0.0
-0.5056179775280896,0.0,0.0,2.0,0.0,0.0
-0.5056179775280896,0.0,0.0,2.0,0.0,0.0
-0.5056179775280896,0.0,0.0,2.0,0.0,0.0
-0.5056179775280896,0.0,0.0,2.0,0.0,0.0
-0.5056179775280896,0.0,0.0,2.0,0.0,0.0
-0.5056179775280896,0.0,0.0,2.0,0.0,0.0
-0.5056179775280896,0.0,0.0,2.0,0.0,0.0
-0.5056179775280931,0.0,0.0,2.0,0.0,0.0
-0.5056179775280896,0.0,0.0,2.0,0.0,0.0
-0.5056179775280896,0.0,0.0,2.0,0.0,0.0
-0.5056179775280896,0.0,0.0,2.0,0.0,0.0
-0.5056179775280896,0.0,0.0,2.0,0.0,0.0
-0.5056179775280896,0.0,0.0,2.0,0.0,0.0
-0.5056179775280896,0.0,0.0,2.0,0.0,0.0
-0.5056179775280896,0.0,0.0,2.0,0.0,0.0
-0.5056179775280896,0.0,0.0,2.0,0.0,0.0
-0.5056179775280896,0.0,0.0,2.0,0.0,0.0
-0.5056179775280896,0.0,0.0,2.0,0.0,0.0
-0.5056179775280896,0.0,0.0,2.0,0.0,0.0
-0.5056179775280896,0.0,0.0,2.0,0.0,0.0
-0.5056179775280896,0.0,0.0,2.0,0.0,0.0
-0.5056179775280896,0.0,0.0,2.0,0.0,0.0
-0.5056179775280896,0.0,0.0,2.0,0.0,0.0
-0.5056179775280967,0.0,0.0,2.0,0.0,0.0
-0.5056179775280896,0.0,0.0,2.0,0.0,0.0
-0.5056179775280896,0.0,0.0,2.0,0.0,0.0
-0.5056179775280896,0.0,0.0,2.0,0.0,0.0
-0.5056179775280896,0.0,0.0,2.0,0.0,0.0
-0.5056179775280896,0.0,0.0,2.0,0.0,0.0
-0.5056179775280896,0.0,0.0,2.0,0.0,0.0
-0.5056179775280896,0.0,0.0,2.0,0.0,0.0
-0.5056179775280896,0.0,0.0,2.0,0.0,0.0
-0.5056179775280896,0.0,0.0,2.0,0.0,0.0
-0.5056179775280896,0.0,0.0,2.0,0.0,0.0
-0.5056179775280896,0.0,0.0,2.0,0.0,0.0
-0.5056179775280896,0.0,0.0,2.0,0.0,0.0
-0.5056179775280896,0.0,0.0,2.0,0.0,0.0
-0.5056179775280896,0.0,0.0,2.0,0.0,0.0
0.0,0.5625,0.0,2.0,0.0,0.0
0.0,0.5625,0.0,2.0,0.0,0.0
0.0,0.5625,0.0,2.0,0.0,0.0
0.0,0.5625,0.0,2.0,0.0,0.0
0.0,0.5625,0.0,2.0,0.0,0.0
0.0,0.5625,0.0,2.0,0.0,0.0
0.0,0.5625,0.0,2.0,0.0,0.0
0.0,0.5625,0.0,2.0,0.0,0.0
0.5056179775280896,0.0,0.0,2.0,0.0,0.0
0.5056179775280896,0.0,0.0,2.0,0.0,0.0
0.5056179775280896,0.0,0.0,2.0,0.0,0.0
0.5056179775280896,0.0,0.0,2.0,0.0,0.0
0.5056179775280896,0.0,0.0,2.0,0.0,0.0
0.5056179775280896,0.0,0.0,2.0,0.0,0.0
0.5056179775280896,0.0,0.0,2.0,0.0,0.0
0.5056179775280896,0.0,0.0,2.0,0.0,0.0
0.5056179775280896,0.0,0.0,2.0,0.0,0.0
0.5056179775280896,0.0,0.0,2.0,0.0,0.0
0.5056179775280896,0.0,0.0,2.0,0.0,0.0
0.5056179775280896,0.0,0.0,2.0,0.0,0.0
0.5056179775280967,0.0,0.0,2.0,0.0,0.0
0.5056179775280896,0.0,0.0,2.0,0.0,0.0
0.5056179775280896,0.0,0.0,2.0,0.0,0.0
0.5056179775280896,0.0,0.0,2.0,0.0,0.0
0.5056179775280896,0.0,0.0,2.0,0.0,0.0
0.5056179775280896,0.0,0.0,2.0,0.0,0.0
0.5056179775280896,0.0,0.0,2.0,0.0,0.0
0.5056179775280896,0.0,0.0,2.0,0.0,0.0
0.5056179775280896,0.0,0.0,2.0,0.0,0.0
0.5056179775280896,0.0,0.0,2.0,0.0,0.0
0.5056179775280896,0.0,0.0,1.6,0.0,0.0
0.5056179775280896,0.0,0.0,1.6,0.0,0.0
0.5056179775280896,0.0,0.0,1.6,0.0,0.0
0.5056179775280896,0.0,0.0,1.6,0.0,0.0
0.5056179775280896,0.0,0.0,1.6,0.0,0.0
0.5056179775280896,0.0,0.0,1.6,0.0,0.0
0.5056179775280896,0.0,0.0,1.6,0.0,0.0
0.5056179775280931,0.0,0.0,1.6,0.0,0.0
0.5056179775280896,0.0,0.0,1.6,0.0,0.0
0.5056179775280896,0.0,0.0,1.6,0.0,0.0
0.5056179775280896,0.0,0.0,1.6,0.0,0.0
0.5056179775280896,0.0,0.0,1.6,0.0,0.0
0.5056179775280896,0.0,0.0,1.6,0.0,0.0
0.5056179775280896,0.0,0.0,1.6,0.0,0.0
0.5056179775280896,0.0,0.0,1.6,0.0,0.0
0.5056179775280931,0.0,0.0,1.6,0.0,0.0
0.5056179775280896,0.0,0.0,1.6,0.0,0.0
0.5056179775280896,0.0,0.0,1.6,0.0,0.0
0.5056179775280896,0.0,0.0,1.6,0.0,0.0
0.5056179775280896,0.0,0.0,1.6,0.0,0.0
0.5056179775280896,0.0,0.0,1.6,0.0,0.0
0.5056179775280896,0.0,0.0,1.6,0.0,0.0
0.5056179775280896,0.0,0.0,1.6,0.0,0.0
0.5056179775280896,0.0,0.0,1.6,0.0,0.0
0.5056179775280896,0.0,0.0,1.6,0.0,0.0
0.5056179775280896,0.0,0.0,1.6,0.0,0.0
0.5056179775280931,0.0,0.0,1.6,0.0,0.0
0.5056179775280896,0.0,0.0,1.6,0.0,0.0
0.5056179775280896,0.0,0.0,1.6,0.0,0.0
0.5056179775280896,0.0,0.0,1.6,0.0,0.0
0.5056179775280896,0.0,0.0,1.6,0.0,0.0
0.5056179775280896,0.0,0.0,1.6,0.0,0.0
0.5056179775280896,0.0,0.0,1.6,0.0,0.0
0.5056179775280896,0.0,0.0,1.6,0.0,0.0
0.5056179775280896,0.0,0.0,1.6,0.0,0.0
0.5056179775280896,0.0,0.0,1.6,0.0,0.0
0.5056179775280931,0.0,0.0,1.6,0.0,0.0
0.5056179775280896,0.0,0.0,1.6,0.0,0.0
0.5056179775280896,0.0,0.0,1.6,0.0,0.0
0.5056179775280896,0.0,0.0,1.6,0.0,0.0
0.5056179775280896,0.0,0.0,1.6,0.0,0.0
0.5056179775280896,0.0,0.0,1.6,0.0,0.0
0.5056179775280896,0.0,0.0,1.6,0.0,0.0
0.5056179775280896,0.0,0.0,1.6,0.0,0.0
0.5056179775280896,0.0,0.0,2.0,0.0,0.0
0.5056179775280896,0.0,0.0,2.0,0.0,0.0
0.5056179775280896,0.0,0.0,2.0,0.0,0.0
0.5056179775280896,0.0,0.0,2.0,0.0,0.0
0.5056179775280896,0.0,0.0,2.0,0.0,0.0
0.5056179775280896,0.0,0.0,2.0,0.0,0.0
0.5056179775280896,0.0,0.0,2.0,0.0,0.0
0.5056179775280896,0.0,0.0,2.0,0.0,0.0
0.5056179775280967,0.0,0.0,2.0,0.0,0.0
0.5056179775280896,0.0,0.0,2.0,0.0,0.0
0.5056179775280896,0.0,0.0,2.0,0.0,0.0
0.5056179775280896,0.0,0.0,2.0,0.0,0.0
0.5056179775280896,0.0,0.0,2.0,0.0,0.0
0.5056179775280896,0.0,0.0,2.0,0.0,0.0
0.5056179775280896,0.0,0.0,2.0,0.0,0.0
0.5056179775280896,0.0,0.0,2.0,0.0,0.0
0.5056179775280896,0.0,0.0,2.0,0.0,0.0
0.5056179775280896,0.0,0.0,2.0,0.0,0.0
0.5056179775280896,0.0,0.0,2.0,0.0,0.0
0.5056179775280896,0.0,0.0,2.0,0.0,0.0
0.5056179775280896,0.0,0.0,2.0,0.0,0.0
0.5056179775280896,0.0,0.0,2.0,0.0,0.0
0.5056179775280896,0.0,0.0,2.0,0.0,0.0
0.0,0.5294117647058822,0.0,2.0,0.0,0.0
0.0,0.5294117647058822,0.0,2.0,0.0,0.0
0.0,0.5294117647058822,0.0,2.0,0.0,0.0
0.0,0.5294117647058822,0.0,2.0,0.0,0.0
0.0,0.5294117647058822,0.0,2.0,0.0,0.0
0.0,0.5294117647058831,0.0,2.0,0.0,0.0
0.0,0.5294117647058831,0.0,2.0,0.0,0.0
0.0,0.5294117647058805,0.0,2.0,0.0,0.0
0.0,0.529411764705884,0.0,2.0,0.0,0.0
0.0,0.5294117647058805,0.0,2.0,0.0,0.0
0.0,0.529411764705884,0.0,2.0,0.0,0.0
0.0,0.5294117647058822,0.0,2.0,0.0,0.0
0.0,0.5294117647058822,0.0,2.0,0.0,0.0
0.0,0.5294117647058822,0.0,2.0,0.0,0.0
0.0,0.5294117647058822,0.0,2.0,0.0,0.0
0.0,0.5294117647058822,0.0,2.0,0.0,0.0
0.0,0.5294117647058822,0.0,2.0,0.0,0.0
-0.5056179775280899,0.0,0.0,2.0,0.0,0.0
-0.5056179775280899,0.0,0.0,2.0,0.0,0.0
-0.5056179775280898,0.0,0.0,2.0,0.0,0.0
-0.50561797752809,0.0,0.0,2.0,0.0,0.0
-0.50561797752809,0.0,0.0,2.0,0.0,0.0
-0.5056179775280896,0.0,0.0,2.0,0.0,0.0
-0.50561797752809,0.0,0.0,2.0,0.0,0.0
-0.50561797752809,0.0,0.0,2.0,0.0,0.0
-0.5056179775280896,0.0,0.0,2.0,0.0,0.0
-0.5056179775280905,0.0,0.0,2.0,0.0,0.0
-0.5056179775280896,0.0,0.0,2.0,0.0,0.0
-0.5056179775280896,0.0,0.0,2.0,0.0,0.0
-0.5056179775280905,0.0,0.0,2.0,0.0,0.0
-0.5056179775280896,0.0,0.0,2.0,0.0,0.0
-0.5056179775280905,0.0,0.0,2.0,0.0,0.0
-0.5056179775280896,0.0,0.0,2.0,0.0,0.0
-0.5056179775280896,0.0,0.0,2.0,0.0,0.0
-0.5056179775280896,0.0,0.0,2.0,0.0,0.0
-0.5056179775280913,0.0,0.0,2.0,0.0,0.0
-0.5056179775280896,0.0,0.0,2.0,0.0,0.0
-0.5056179775280896,0.0,0.0,2.0,0.0,0.0
-0.5056179775280896,0.0,0.0,2.0,0.0,0.0
-0.5056179775280896,0.0,0.0,2.0,0.0,0.0
-0.5056179775280896,0.0,0.0,2.0,0.0,0.0
-0.5056179775280913,0.0,0.0,2.0,0.0,0.0
-0.5056179775280896,0.0,0.0,2.0,0.0,0.0
-0.5056179775280896,0.0,0.0,2.0,0.0,0.0
-0.5056179775280896,0.0,0.0,2.0,0.0,0.0
-0.5056179775280896,0.0,0.0,2.0,0.0,0.0
-0.5056179775280913,0.0,0.0,2.0,0.0,0.0
-0.5056179775280896,0.0,0.0,2.0,0.0,0.0
-0.5056179775280896,0.0,0.0,2.0,0.0,0.0
-0.5056179775280896,0.0,0.0,2.0,0.0,0.0
-0.5056179775280896,0.0,0.0,2.0,0.0,0.0
-0.5056179775280896,0.0,0.0,2.0,0.0,0.0
-0.5056179775280896,0.0,0.0,2.0,0.0,0.0
-0.5056179775280896,0.0,0.0,2.0,0.0,0.0
-0.5056179775280931,0.0,0.0,2.0,0.0,0.0
-0.5056179775280896,0.0,0.0,2.0,0.0,0.0
-0.5056179775280896,0.0,0.0,2.0,0.0,0.0
-0.5056179775280896,0.0,0.0,2.0,0.0,0.0
-0.5056179775280896,0.0,0.0,2.0,0.0,0.0
-0.5056179775280896,0.0,0.0,2.0,0.0,0.0
-0.5056179775280896,0.0,0.0,2.0,0.0,0.0
-0.5056179775280896,0.0,0.0,2.0,0.0,0.0
-0.5056179775280896,0.0,0.0,2.0,0.0,0.0
-0.5056179775280896,0.0,0.0,2.0,0.0,0.0
-0.5056179775280896,0.0,0.0,2.0,0.0,0.0
-0.5056179775280931,0.0,0.0,2.0,0.0,0.0
-0.5056179775280896,0.0,0.0,2.0,0.0,0.0
-0.5056179775280896,0.0,0.0,2.0,0.0,0.0
-0.5056179775280896,0.0,0.0,2.0,0.0,0.0
-0.5056179775280896,0.0,0.0,2.0,0.0,0.0
-0.5056179775280896,0.0,0.0,2.0,0.0,0.0
-0.5056179775280896,0.0,0.0,2.0,0.0,0.0
-0.5056179775280896,0.0,0.0,2.0,0.0,0.0
-0.5056179775280896,0.0,0.0,2.0,0.0,0.0
-0.5056179775280896,0.0,0.0,2.0,0.0,0.0
-0.5056179775280931,0.0,0.0,2.0,0.0,0.0
-0.5056179775280896,0.0,0.0,2.0,0.0,0.0
-0.5056179775280896,0.0,0.0,2.0,0.0,0.0
-0.5056179775280896,0.0,0.0,2.0,0.0,0.0
-0.5056179775280896,0.0,0.0,2.0,0.0,0.0
-0.5056179775280896,0.0,0.0,2.0,0.0,0.0
-0.5056179775280896,0.0,0.0,2.0,0.0,0.0
-0.5056179775280896,0.0,0.0,2.0,0.0,0.0
-0.5056179775280896,0.0,0.0,2.0,0.0,0.0
-0.5056179775280896,0.0,0.0,2.0,0.0,0.0
-0.5056179775280896,0.0,0.0,2.0,0.0,0.0
-0.5056179775280896,0.0,0.0,2.0,0.0,0.0
-0.5056179775280896,0.0,0.0,2.0,0.0,0.0
-0.5056179775280896,0.0,0.0,2.0,0.0,0.0
-0.5056179775280896,0.0,0.0,2.0,0.0,0.0
-0.5056179775280896,0.0,0.0,2.0,0.0,0.0
-0.5056179775280967,0.0,0.0,2.0,0.0,0.0
-0.5056179775280896,0.0,0.0,2.0,0.0,0.0
-0.5056179775280896,0.0,0.0,2.0,0.0,0.0
-0.5056179775280896,0.0,0.0,2.0,0.0,0.0
-0.5056179775280896,0.0,0.0,2.0,0.0,0.0
-0.5056179775280896,0.0,0.0,2.0,0.0,0.0
-0.5056179775280896,0.0,0.0,2.0,0.0,0.0
-0.5056179775280896,0.0,0.0,2.0,0.0,0.0
-0.5056179775280896,0.0,0.0,2.0,0.0,0.0
-0.5056179775280896,0.0,0.0,2.0,0.0,0.0
-0.5056179775280896,0.0,0.0,2.0,0.0,0.0
-0.5056179775280896,0.0,0.0,2.0,0.0,0.0
-0.5056179775280896,0.0,0.0,2.0,0.0,0.0
-0.5056179775280896,0.0,0.0,2.0,0.0,0.0
-0.5056179775280896,0.0,0.0,2.0,0.0,0.0
0.0,0.5625,0.0,2.0,0.0,0.0
0.0,0.5625,0.0,2.0,0.0,0.0
0.0,0.5625,0.0,2.0,0.0,0.0
0.0,0.5625,0.0,2.0,0.0,0.0
0.0,0.5625,0.0,2.0,0.0,0.0
0.0,0.5625,0.0,2.0,0.0,0.0
0.0,0.5625,0.0,2.0,0.0,0.0
0.0,0.5625,0.0,2.0,0.0,0.0
0.5056179775280896,0.0,0.0,2.0,0.0,0.0
0.5056179775280896,0.0,0.0,2.0,0.0,0.0
0.5056179775280896,0.0,0.0,2.0,0.0,0.0
0.5056179775280896,0.0,0.0,2.0,0.0,0.0
0.5056179775280896,0.0,0.0,2.0,0.0,0.0
0.5056179775280896,0.0,0.0,2.0,0.0,0.0
0.5056179775280896,0.0,0.0,2.0,0.0,0.0
0.5056179775280896,0.0,0.0,2.0,0.0,0.0
0.5056179775280896,0.0,0.0,2.0,0.0,0.0
0.5056179775280896,0.0,0.0,2.0,0.0,0.0
0.5056179775280896,0.0,0.0,2.0,0.0,0.0
0.5056179775280896,0.0,0.0,2.0,0.0,0.0
0.5056179775280967,0.0,0.0,2.0,0.0,0.0
0.5056179775280896,0.0,0.0,2.0,0.0,0.0
0.5056179775280896,0.0,0.0,2.0,0.0,0.0
0.5056179775280896,0.0,0.0,2.0,0.0,0.0
0.5056179775280896,0.0,0.0,2.0,0.0,0.0
0.5056179775280896,0.0,0.0,2.0,0.0,0.0
0.5056179775280896,0.0,0.0,2.0,0.0,0.0
0.5056179775280896,0.0,0.0,2.0,0.0,0.0
0.5056179775280896,0.0,0.0,2.0,0.0,0.0
0.5056179775280896,0.0,0.0,2.0,0.0,0.0
0.5056179775280896,0.0,0.0,1.05,0.0,0.0
0.5056179775280896,0.0,0.0,1.05,0.0,0.0
0.5056179775280896,0.0,0.0,1.05,0.0,0.0
0.5056179775280896,0.0,0.0,1.05,0.0,0.0
0.5056179775280896,0.0,0.0,1.05,0.0,0.0
0.5056179775280896,0.0,0.0,1.05,0.0,0.0
0.5056179775280896,0.0,0.0,1.05,0.0,0.0
0.5056179775280931,0.0,0.0,1.05,0.0,0.0
0.5056179775280896,0.0,0.0,1.05,0.0,0.0
0.5056179775280896,0.0,0.0,1.05,0.0,0.0
0.5056179775280896,0.0,0.0,1.05,0.0,0.0
0.5056179775280896,0.0,0.0,1.05,0.0,0.0
0.5056179775280896,0.0,0.0,1.05,0.0,0.0
0.5056179775280896,0.0,0.0,1.05,0.0,0.0
0.5056179775280896,0.0,0.0,1.05,0.0,0.0
0.5056179775280931,0.0,0.0,1.05,0.0,0.0
0.5056179775280896,0.0,0.0,1.05,0.0,0.0
0.5056179775280896,0.0,0.0,1.05,0.0,0.0
0.5056179775280896,0.0,0.0,1.05,0.0,0.0
0.5056179775280896,0.0,0.0,1.05,0.0,0.0
0.5056179775280896,0.0,0.0,1.05,0.0,0.0
0.5056179775280896,0.0,0.0,1.05,0.0,0.0
0.5056179775280896,0.0,0.0,1.05,0.0,0.0
0.5056179775280896,0.0,0.0,1.05,0.0,0.0
0.5056179775280896,0.0,0.0,1.05,0.0,0.0
0.5056179775280896,0.0,0.0,1.05,0.0,0.0
0.5056179775280931,0.0,0.0,1.05,0.0,0.0
0.5056179775280896,0.0,0.0,1.05,0.0,0.0
0.5056179775280896,0.0,0.0,1.05,0.0,0.0
0.5056179775280896,0.0,0.0,1.05,0.0,0.0
0.5056179775280896,0.0,0.0,1.05,0.0,0.0
0.5056179775280896,0.0,0.0,1.05,0.0,0.0
0.5056179775280896,0.0,0.0,1.05,0.0,0.0
0.5056179775280896,0.0,0.0,1.05,0.0,0.0
0.5056179775280896,0.0,0.0,1.05,0.0,0.0
0.5056179775280896,0.0,0.0,1.05,0.0,0.0
0.5056179775280931,0.0,0.0,1.05,0.0,0.0
0.5056179775280896,0.0,0.0,1.05,0.0,0.0
0.5056179775280896,0.0,0.0,1.05,0.0,0.0
0.5056179775280896,0.0,0.0,1.05,0.0,0.0
0.5056179775280896,0.0,0.0,1.05,0.0,0.0
0.5056179775280896,0.0,0.0,1.05,0.0,0.0
0.5056179775280896,0.0,0.0,1.05,0.0,0.0
0.5056179775280896,0.0,0.0,1.05,0.0,0.0
0.5056179775280896,0.0,0.0,2.0,0.0,0.0
0.5056179775280896,0.0,0.0,2.0,0.0,0.0
0.5056179775280896,0.0,0.0,2.0,0.0,0.0
0.5056179775280896,0.0,0.0,2.0,0.0,0.0
0.5056179775280896,0.0,0.0,2.0,0.0,0.0
0.5056179775280896,0.0,0.0,2.0,0.0,0.0
0.5056179775280896,0.0,0.0,2.0,0.0,0.0
0.5056179775280896,0.0,0.0,2.0,0.0,0.0
0.5056179775280967,0.0,0.0,2.0,0.0,0.0
0.5056179775280896,0.0,0.0,2.0,0.0,0.0
0.5056179775280896,0.0,0.0,2.0,0.0,0.0
0.5056179775280896,0.0,0.0,2.0,0.0,0.0
0.5056179775280896,0.0,0.0,2.0,0.0,0.0
0.5056179775280896,0.0,0.0,2.0,0.0,0.0
0.5056179775280896,0.0,0.0,2.0,0.0,0.0
0.5056179775280896,0.0,0.0,2.0,0.0,0.0
0.5056179775280896,0.0,0.0,2.0,0.0,0.0
0.5056179775280896,0.0,0.0,2.0,0.0,0.0
0.5056179775280896,0.0,0.0,2.0,0.0,0.0
0.5056179775280896,0.0,0.0,2.0,0.0,0.0
0.5056179775280896,0.0,0.0,2.0,0.0,0.0
0.5056179775280896,0.0,0.0,2.0,0.0,0.0
0.5056179775280896,0.0,0.0,2.0,0.0,0.0
0.0,0.529411764705884,0.0,2.0,0.0,0.0
0.0,0.5294117647058805,0.0,2.0,0.0,0.0
0.0,0.529411764705884,0.0,2.0,0.0,0.0
0.0,0.5294117647058805,0.0,2.0,0.0,0.0
0.0,0.529411764705884,0.0,2.0,0.0,0.0
0.0,0.5294117647058805,0.0,2.0,0.0,0.0
0.0,0.529411764705884,0.0,2.0,0.0,0.0
0.0,0.5294117647058805,0.0,2.0,0.0,0.0
0.0,0.529411764705884,0.0,2.0,0.0,0.0
0.0,0.5294117647058805,0.0,2.0,0.0,0.0
0.0,0.529411764705884,0.0,2.0,0.0,0.0
0.0,0.5294117647058805,0.0,2.0,0.0,0.0
0.0,0.529411764705884,0.0,2.0,0.0,0.0
0.0,0.529411764705884,0.0,2.0,0.0,0.0
0.0,0.5294117647058805,0.0,2.0,0.0,0.0
0.0,0.5294117647058805,0.0,2.0,0.0,0.0
0.0,0.529411764705884,0.0,2.0,0.0,0.0
-0.5056179775280899,0.0,0.0,2.0,0.0,0.0
-0.5056179775280899,0.0,0.0,2.0,0.0,0.0
-0.5056179775280898,0.0,0.0,2.0,0.0,0.0
-0.50561797752809,0.0,0.0,2.0,0.0,0.0
-0.50561797752809,0.0,0.0,2.0,0.0,0.0
-0.5056179775280896,0.0,0.0,2.0,0.0,0.0
-0.50561797752809,0.0,0.0,2.0,0.0,0.0
-0.50561797752809,0.0,0.0,2.0,0.0,0.0
-0.5056179775280896,0.0,0.0,2.0,0.0,0.0
-0.5056179775280905,0.0,0.0,2.0,0.0,0.0
-0.5056179775280896,0.0,0.0,2.0,0.0,0.0
-0.5056179775280896,0.0,0.0,2.0,0.0,0.0
-0.5056179775280905,0.0,0.0,2.0,0.0,0.0
-0.5056179775280896,0.0,0.0,2.0,0.0,0.0
-0.5056179775280905,0.0,0.0,2.0,0.0,0.0
-0.5056179775280896,0.0,0.0,2.0,0.0,0.0
-0.5056179775280896,0.0,0.0,2.0,0.0,0.0
-0.5056179775280896,0.0,0.0,2.0,0.0,0.0
-0.5056179775280913,0.0,0.0,2.0,0.0,0.0
-0.5056179775280896,0.0,0.0,2.0,0.0,0.0
-0.5056179775280896,0.0,0.0,2.0,0.0,0.0
-0.5056179775280896,0.0,0.0,2.0,0.0,0.0
-0.5056179775280896,0.0,0.0,2.0,0.0,0.0
-0.5056179775280896,0.0,0.0,2.0,0.0,0.0
-0.5056179775280913,0.0,0.0,2.0,0.0,0.0
-0.5056179775280896,0.0,0.0,2.0,0.0,0.0
-0.5056179775280896,0.0,0.0,2.0,0.0,0.0
-0.5056179775280896,0.0,0.0,2.0,0.0,0.0
-0.5056179775280896,0.0,0.0,2.0,0.0,0.0
-0.5056179775280913,0.0,0.0,2.0,0.0,0.0
-0.5056179775280896,0.0,0.0,2.0,0.0,0.0
-0.5056179775280896,0.0,0.0,2.0,0.0,0.0
-0.5056179775280896,0.0,0.0,2.0,0.0,0.0
-0.5056179775280896,0.0,0.0,2.0,0.0,0.0
-0.5056179775280896,0.0,0.0,2.0,0.0,0.0
-0.5056179775280896,0.0,0.0,2.0,0.0,0.0
-0.5056179775280896,0.0,0.0,2.0,0.0,0.0
-0.5056179775280931,0.0,0.0,2.0,0.0,0.0
-0.5056179775280896,0.0,0.0,2.0,0.0,0.0
-0.5056179775280896,0.0,0.0,2.0,0.0,0.0
-0.5056179775280896,0.0,0.0,2.0,0.0,0.0
-0.5056179775280896,0.0,0.0,2.0,0.0,0.0
-0.5056179775280896,0.0,0.0,2.0,0.0,0.0
-0.5056179775280896,0.0,0.0,2.0,0.0,0.0
-0.5056179775280896,0.0,0.0,2.0,0.0,0.0
-0.5056179775280896,0.0,0.0,2.0,0.0,0.0
-0.5056179775280896,0.0,0.0,2.0,0.0,0.0
-0.5056179775280896,0.0,0.0,2.0,0.0,0.0
-0.5056179775280931,0.0,0.0,2.0,0.0,0.0
-0.5056179775280896,0.0,0.0,2.0,0.0,0.0
-0.5056179775280896,0.0,0.0,2.0,0.0,0.0
-0.5056179775280896,0.0,0.0,2.0,0.0,0.0
-0.5056179775280896,0.0,0.0,2.0,0.0,0.0
-0.5056179775280896,0.0,0.0,2.0,0.0,0.0
-0.5056179775280896,0.0,0.0,2.0,0.0,0.0
-0.5056179775280896,0.0,0.0,2.0,0.0,0.0
-0.5056179775280896,0.0,0.0,2.0,0.0,0.0
-0.5056179775280896,0.0,0.0,2.0,0.0,0.0
-0.5056179775280931,0.0,0.0,2.0,0.0,0.0
-0.5056179775280896,0.0,0.0,2.0,0.0,0.0
-0.5056179775280896,0.0,0.0,2.0,0.0,0.0
-0.5056179775280896,0.0,0.0,2.0,0.0,0.0
-0.5056179775280896,0.0,0.0,2.0,0.0,0.0
-0.5056179775280896,0.0,0.0,2.0,0.0,0.0
-0.5056179775280896,0.0,0.0,2.0,0.0,0.0
-0.5056179775280896,0.0,0.0,2.0,0.0,0.0
-0.5056179775280896,0.0,0.0,2.0,0.0,0.0
-0.5056179775280896,0.0,0.0,2.0,0.0,0.0
-0.5056179775280896,0.0,0.0,2.0,0.0,0.0
-0.5056179775280896,0.0,0.0,2.0,0.0,0.0
-0.5056179775280896,0.0,0.0,2.0,0.0,0.0
-0.5056179775280896,0.0,0.0,2.0,0.0,0.0
-0.5056179775280896,0.0,0.0,2.0,0.0,0.0
-0.5056179775280896,0.0,0.0,2.0,0.0,0.0
-0.5056179775280967,0.0,0.0,2.0,0.0,0.0
-0.5056179775280896,0.0,0.0,2.0,0.0,0.0
-0.5056179775280896,0.0,0.0,2.0,0.0,0.0
-0.5056179775280896,0.0,0.0,2.0,0.0,0.0
-0.5056179775280896,0.0,0.0,2.0,0.0,0.0
-0.5056179775280896,0.0,0.0,2.0,0.0,0.0
-0.5056179775280896,0.0,0.0,2.0,0.0,0.0
-0.5056179775280896,0.0,0.0,2.0,0.0,0.0
-0.5056179775280896,0.0,0.0,2.0,0.0,0.0
-0.5056179775280896,0.0,0.0,2.0,0.0,0.0
-0.5056179775280896,0.0,0.0,2.0,0.0,0.0
-0.5056179775280896,0.0,0.0,2.0,0.0,0.0
-0.5056179775280896,0.0,0.0,2.0,0.0,0.0
-0.5056179775280896,0.0,0.0,2.0,0.0,0.0
-0.5056179775280896,0.0,0.0,2.0,0.0,0.0
0.0,0.5625,0.0,2.0,0.0,0.0
0.0,0.5625,0.0,2.0,0.0,0.0
0.0,0.5625,0.0,2.0,0.0,0.0
0.0,0.5625,0.0,2.0,0.0,0.0
0.0,0.5625,0.0,2.0,0.0,0.0
0.0,0.5625,0.0,2.0,0.0,0.0
0.0,0.5625,0.0,2.0,0.0,0.0
0.0,0.5625,0.0,2.0,0.0,0.0
0.5056179775280896,0.0,0.0,2.0,0.0,0.0
0.5056179775280896,0.0,0.0,2.0,0.0,0.0
0.5056179775280896,0.0,0.0,2.0,0.0,0.0
0.5056179775280896,0.0,0.0,2.0,0.0,0.0
0.5056179775280896,0.0,0.0,2.0,0.0,0.0
0.5056179775280896,0.0,0.0,2.0,0.0,0.0
0.5056179775280896,0.0,0.0,2.0,0.0,0.0
0.5056179775280896,0.0,0.0,2.0,0.0,0.0
0.5056179775280896,0.0,0.0,2.0,0.0,0.0
0.5056179775280896,0.0,0.0,2.0,0.0,0.0
0.5056179775280896,0.0,0.0,2.0,0.0,0.0
0.5056179775280896,0.0,0.0,2.0,0.0,0.0
0.5056179775280967,0.0,0.0,2.0,0.0,0.0
0.5056179775280896,0.0,0.0,2.0,0.0,0.0
0.5056179775280896,0.0,0.0,2.0,0.0,0.0
0.5056179775280896,0.0,0.0,2.0,0.0,0.0
0.5056179775280896,0.0,0.0,2.0,0.0,0.0
0.5056179775280896,0.0,0.0,2.0,0.0,0.0
0.5056179775280896,0.0,0.0,2.0,0.0,0.0
0.5056179775280896,0.0,0.0,2.0,0.0,0.0
0.5056179775280896,0.0,0.0,2.0,0.0,0.0
0.5056179775280896,0.0,0.0,2.0,0.0,0.0
0.5056179775280896,0.0,0.0,0.5,0.0,0.0
0.5056179775280896,0.0,0.0,0.5,0.0,0.0
0.5056179775280896,0.0,0.0,0.5,0.0,0.0
0.5056179775280896,0.0,0.0,0.5,0.0,0.0
0.5056179775280896,0.0,0.0,0.5,0.0,0.0
0.5056179775280896,0.0,0.0,0.5,0.0,0.0
0.5056179775280896,0.0,0.0,0.5,0.0,0.0
0.5056179775280931,0.0,0.0,0.5,0.0,0.0
0.5056179775280896,0.0,0.0,0.5,0.0,0.0
0.5056179775280896,0.0,0.0,0.5,0.0,0.0
0.5056179775280896,0.0,0.0,0.5,0.0,0.0
0.5056179775280896,0.0,0.0,0.5,0.0,0.0
0.5056179775280896,0.0,0.0,0.5,0.0,0.0
0.5056179775280896,0.0,0.0,0.5,0.0,0.0
0.5056179775280896,0.0,0.0,0.5,0.0,0.0
0.5056179775280931,0.0,0.0,0.5,0.0,0.0
0.5056179775280896,0.0,0.0,0.5,0.0,0.0
0.5056179775280896,0.0,0.0,0.5,0.0,0.0
0.5056179775280896,0.0,0.0,0.5,0.0,0.0
0.5056179775280896,0.0,0.0,0.5,0.0,0.0
0.5056179775280896,0.0,0.0,0.5,0.0,0.0
0.5056179775280896,0.0,0.0,0.5,0.0,0.0
0.5056179775280896,0.0,0.0,0.5,0.0,0.0
0.5056179775280896,0.0,0.0,0.5,0.0,0.0
0.5056179775280896,0.0,0.0,0.5,0.0,0.0
0.5056179775280896,0.0,0.0,0.5,0.0,0.0
0.5056179775280931,0.0,0.0,0.5,0.0,0.0
0.5056179775280896,0.0,0.0,0.5,0.0,0.0
0.5056179775280896,0.0,0.0,0.5,0.0,0.0
0.5056179775280896,0.0,0.0,0.5,0.0,0.0
0.5056179775280896,0.0,0.0,0.5,0.0,0.0
0.5056179775280896,0.0,0.0,0.5,0.0,0.0
0.5056179775280896,0.0,0.0,0.5,0.0,0.0
0.5056179775280896,0.0,0.0,0.5,0.0,0.0
0.5056179775280896,0.0,0.0,0.5,0.0,0.0
0.5056179775280896,0.0,0.0,0.5,0.0,0.0
0.5056179775280931,0.0,0.0,0.5,0.0,0.0
0.5056179775280896,0.0,0.0,0.5,0.0,0.0
0.5056179775280896,0.0,0.0,0.5,0.0,0.0
0.5056179775280896,0.0,0.0,0.5,0.0,0.0
0.5056179775280896,0.0,0.0,0.5,0.0,0.0
0.5056179775280896,0.0,0.0,0.5,0.0,0.0
0.5056179775280896,0.0,0.0,0.5,0.0,0.0
0.5056179775280896,0.0,0.0,0.5,0.0,0.0
0.5056179775280896,0.0,0.0,2.0,0.0,0.0
0.5056179775280896,0.0,0.0,2.0,0.0,0.0
0.5056179775280896,0.0,0.0,2.0,0.0,0.0
0.5056179775280896,0.0,0.0,2.0,0.0,0.0
0.5056179775280896,0.0,0.0,2.0,0.0,0.0
0.5056179775280896,0.0,0.0,2.0,0.0,0.0
0.5056179775280896,0.0,0.0,2.0,0.0,0.0
0.5056179775280896,0.0,0.0,2.0,0.0,0.0
0.5056179775280967,0.0,0.0,2.0,0.0,0.0
0.5056179775280896,0.0,0.0,2.0,0.0,0.0
0.5056179775280896,0.0,0.0,2.0,0.0,0.0
0.5056179775280896,0.0,0.0,2.0,0.0,0.0
0.5056179775280896,0.0,0.0,2.0,0.0,0.0
0.5056179775280896,0.0,0.0,2.0,0.0,0.0
0.5056179775280896,0.0,0.0,2.0,0.0,0.0
0.5056179775280896,0.0,0.0,2.0,0.0,0.0
0.5056179775280896,0.0,0.0,2.0,0.0,0.0
0.5056179775280896,0.0,0.0,2.0,0.0,0.0
0.5056179775280896,0.0,0.0,2.0,0.0,0.0
0.5056179775280896,0.0,0.0,2.0,0.0,0.0
0.5056179775280896,0.0,0.0,2.0,0.0,0.0
0.5056179775280896,0.0,0.0,2.0,0.0,0.0
0.5056179775280896,0.0,0.0,2.0,0.0,0.0
0.0,0.529411764705884,0.0,2.0,0.0,0.0
0.0,0.529411764705884,0.0,2.0,0.0,0.0
0.0,0.5294117647058769,0.0,2.0,0.0,0.0
0.0,0.529411764705884,0.0,2.0,0.0,0.0
0.0,0.529411764705884,0.0,2.0,0.0,0.0
0.0,0.529411764705884,0.0,2.0,0.0,0.0
0.0,0.5294117647058769,0.0,2.0,0.0,0.0
0.0,0.529411764705884,0.0,2.0,0.0,0.0
0.0,0.529411764705884,0.0,2.0,0.0,0.0
0.0,0.529411764705884,0.0,2.0,0.0,0.0
0.0,0.5294117647058769,0.0,2.0,0.0,0.0
0.0,0.529411764705884,0.0,2.0,0.0,0.0
0.0,0.529411764705884,0.0,2.0,0.0,0.0
0.0,0.529411764705884,0.0,2.0,0.0,0.0
0.0,0.5294117647058769,0.0,2.0,0.0,0.0
0.0,0.529411764705884,0.0,2.0,0.0,0.0
0.0,0.529411764705884,0.0,2.0,0.0,0.0
